user_id,signup_date,user_persona,subscription_plan,last_login_date,is_active,signup_month,days_since_signup,days_since_last_login,quizzes_created,tenure_days,segment
QF1000,03-03-2024 00:00,High School Teacher,Free,30-08-2024,FALSE,2024-03,181,5,4,603,1
QF1001,03-03-2024 00:00,High School Teacher,Enterprise,17-08-2024,TRUE,2024-03,181,14,11,603,0
QF1002,04-03-2024 00:00,Content Creator,Pro,13-08-2024,TRUE,2024-03,180,18,2,602,1
QF1003,05-03-2024 00:00,Language Instructor,Free,29-08-2024,TRUE,2024-03,179,2,2,601,1
QF1004,06-03-2024 00:00,HR Professional,Free,14-08-2024,TRUE,2024-03,178,17,2,600,1
QF1005,07-03-2024 00:00,High School Teacher,Basic,13-08-2024,TRUE,2024-03,177,18,1,599,1
QF1006,07-03-2024 00:00,High School Teacher,Free,07-08-2024,FALSE,2024-03,177,15,1,599,1
QF1007,07-03-2024 00:00,HR Professional,Basic,25-08-2024,TRUE,2024-03,177,6,3,599,1
QF1008,07-03-2024 00:00,University Professor,Free,28-08-2024,TRUE,2024-03,177,3,2,599,1
QF1009,08-03-2024 00:00,High School Teacher,Enterprise,18-08-2024,TRUE,2024-03,176,13,16,598,0
QF1010,08-03-2024 00:00,K-12 Tutor,Free,28-08-2024,TRUE,2024-03,176,3,1,598,1
QF1011,09-03-2024 00:00,HR Professional,Enterprise,25-09-2024,FALSE,2024-03,175,20,5,597,1
QF1012,09-03-2024 00:00,High School Teacher,Enterprise,29-09-2024,TRUE,2024-03,175,14,18,597,0
QF1013,09-03-2024 00:00,Corporate Trainer,Free,13-09-2024,TRUE,2024-03,175,19,1,597,1
QF1014,10-03-2024 00:00,High School Teacher,Basic,28-10-2024,FALSE,2024-03,174,2,2,596,1
QF1015,11-03-2024 00:00,HR Professional,Free,11-11-2024,TRUE,2024-03,173,4,1,595,1
QF1016,11-03-2024 00:00,High School Teacher,Pro,12-11-2024,FALSE,2024-03,173,28,3,595,1
QF1017,11-03-2024 00:00,Language Instructor,Enterprise,02-12-2024,TRUE,2024-03,173,21,8,595,1
QF1018,11-03-2024 00:00,K-12 Tutor,Basic,07-11-2024,TRUE,2024-03,173,29,6,595,1
QF1019,12-03-2024 00:00,High School Teacher,Basic,14-12-2024,TRUE,2024-03,172,1,2,594,1
QF1020,12-03-2024 00:00,HR Professional,Pro,01-01-2025,TRUE,2024-03,172,26,6,594,1
QF1021,27-10-2024 19:54,HR Professional,Pro,16-08-2024,TRUE,2024-03,171,15,2,574,2
QF1022,10-02-2024 00:00,K-12 Tutor,Basic,14-08-2024,TRUE,2024-03,171,17,4,625,1
QF1023,12-06-2024 00:00,University Professor,Pro,05-08-2024,FALSE,2024-03,170,14,4,502,1
QF1024,13-08-2024 21:09,HR Professional,Basic,07-08-2024,TRUE,2024-03,170,24,5,372,2
QF1025,30-05-2024 12:51,K-12 Tutor,Free,13-08-2024,FALSE,2024-03,170,22,3,380,2
QF1026,29-01-2024 03:31,STEM Educator,Free,21-08-2024,FALSE,2024-03,170,19,4,607,2
QF1027,02-03-2024 00:00,High School Teacher,Free,15-08-2024,TRUE,2024-03,169,16,1,604,1
QF1028,08-04-2024 16:14,K-12 Tutor,Free,19-08-2024,FALSE,2024-03,169,26,1,386,2
QF1029,09-02-2024 15:52,HR Professional,Enterprise,14-08-2024,FALSE,2024-03,169,26,15,522,0
QF1030,30-05-2024 17:50,High School Teacher,Free,18-08-2024,FALSE,2024-03,169,19,4,400,2
QF1031,08-05-2024 00:00,University Professor,Enterprise,28-08-2024,TRUE,2024-03,168,3,13,537,0
QF1032,20-04-2024 04:35,High School Teacher,Basic,29-08-2024,TRUE,2024-03,167,2,3,634,2
QF1033,08-11-2024 12:52,Corporate Trainer,Enterprise,27-08-2024,FALSE,2024-03,167,16,11,418,0
QF1034,12-05-2024 00:00,University Professor,Free,02-08-2024,TRUE,2024-03,167,29,4,533,1
QF1035,23-11-2024 03:55,High School Teacher,Basic,29-08-2024,TRUE,2024-03,166,2,12,386,0
QF1036,02-02-2024 04:32,Language Instructor,Basic,24-08-2024,TRUE,2024-03,165,7,1,654,2
QF1037,05-08-2024 00:00,Corporate Trainer,Free,01-08-2024,FALSE,2024-03,164,7,2,448,1
QF1038,04-05-2024 21:36,Corporate Trainer,Free,09-08-2024,FALSE,2024-03,164,16,1,516,2
QF1039,22-11-2024 21:35,Corporate Trainer,Basic,26-08-2024,FALSE,2024-03,164,8,1,338,2
QF1040,05-01-2024 00:03,High School Teacher,Enterprise,29-08-2024,TRUE,2024-03,164,2,5,364,2
QF1041,05-11-2024 21:07,K-12 Tutor,Basic,04-08-2024,TRUE,2024-03,164,27,4,445,2
QF1042,27-07-2024 15:01,University Professor,Free,15-08-2024,FALSE,2024-03,163,13,1,337,2
QF1043,02-04-2024 05:49,High School Teacher,Basic,21-08-2024,TRUE,2024-03,162,10,3,661,2
QF1044,07-07-2024 00:00,Language Instructor,Free,08-08-2024,FALSE,2024-03,162,16,4,477,1
QF1045,02-12-2024 00:00,Language Instructor,Free,04-08-2024,FALSE,2024-03,162,11,5,329,1
QF1046,25-07-2024 11:48,High School Teacher,Free,17-08-2024,FALSE,2024-03,161,2,2,563,2
QF1047,24-04-2024 18:10,STEM Educator,Free,11-08-2024,FALSE,2024-03,160,16,3,613,2
QF1048,06-04-2024 00:00,Corporate Trainer,Pro,19-08-2024,TRUE,2024-03,160,12,2,569,1
QF1049,04-11-2024 00:00,High School Teacher,Free,03-08-2024,FALSE,2024-03,160,16,1,357,1
QF1050,10-03-2024 00:00,University Professor,Basic,04-08-2024,TRUE,2024-03,160,27,1,596,1
QF1051,08-08-2024 00:00,K-12 Tutor,Pro,27-08-2024,FALSE,2024-03,160,23,5,445,1
QF1052,04-02-2024 00:00,K-12 Tutor,Basic,09-08-2024,TRUE,2024-03,160,22,3,631,1
QF1053,28-11-2024 00:39,High School Teacher,Pro,25-08-2024,FALSE,2024-03,159,6,2,369,2
QF1054,26-04-2024 18:56,University Professor,Basic,22-08-2024,TRUE,2024-03,157,9,1,334,2
QF1055,09-05-2024 00:00,High School Teacher,Free,27-08-2024,FALSE,2024-03,157,24,2,536,1
QF1056,12-11-2024 19:33,HR Professional,Basic,02-08-2024,TRUE,2024-03,157,29,5,412,2
QF1057,04-03-2024 00:00,Content Creator,Basic,21-08-2024,TRUE,2024-03,157,10,1,602,1
QF1058,23-04-2024 21:54,Corporate Trainer,Enterprise,21-08-2024,FALSE,2024-03,156,18,8,418,2
QF1059,12-10-2024 19:07,Corporate Trainer,Enterprise,02-08-2024,FALSE,2024-03,155,29,12,377,0
QF1060,06-11-2024 12:12,High School Teacher,Free,06-08-2024,TRUE,2024-03,155,25,2,470,2
QF1061,04-12-2024 00:00,STEM Educator,Basic,17-08-2024,FALSE,2024-03,155,30,6,327,1
QF1062,19-02-2024 04:15,University Professor,Pro,10-08-2024,TRUE,2024-03,154,21,2,542,2
QF1063,13-03-2024 12:12,STEM Educator,Free,16-08-2024,FALSE,2024-03,153,6,1,629,2
QF1064,01-04-2024 00:00,K-12 Tutor,Pro,26-08-2024,FALSE,2024-04,152,29,5,574,1
QF1065,01-04-2024 00:00,Corporate Trainer,Basic,19-08-2024,TRUE,2024-04,152,12,5,574,1
QF1066,01-04-2024 00:00,High School Teacher,Basic,10-08-2024,TRUE,2024-04,152,21,1,574,1
QF1067,02-04-2024 00:00,Content Creator,Free,18-08-2024,FALSE,2024-04,151,21,2,573,1
QF1068,02-04-2024 00:00,University Professor,Basic,09-08-2024,TRUE,2024-04,151,22,5,573,1
QF1069,02-04-2024 00:00,K-12 Tutor,Basic,29-08-2024,TRUE,2024-04,151,2,7,573,1
QF1070,03-04-2024 00:00,University Professor,Basic,01-08-2024,TRUE,2024-04,150,30,2,572,1
QF1071,04-04-2024 00:00,High School Teacher,Basic,17-08-2024,TRUE,2024-04,149,14,7,571,1
QF1072,04-04-2024 00:00,University Professor,Free,10-08-2024,FALSE,2024-04,149,3,3,571,1
QF1073,05-04-2024 00:00,K-12 Tutor,Basic,26-08-2024,TRUE,2024-04,148,5,1,570,1
QF1074,05-04-2024 00:00,Corporate Trainer,Pro,11-08-2024,TRUE,2024-04,148,20,3,570,1
QF1075,05-04-2024 00:00,University Professor,Enterprise,03-08-2024,TRUE,2024-04,148,28,15,570,0
QF1076,05-04-2024 00:00,Corporate Trainer,Free,26-08-2024,FALSE,2024-04,148,9,2,570,1
QF1077,06-04-2024 00:00,K-12 Tutor,Free,27-08-2024,FALSE,2024-04,147,3,1,569,1
QF1078,06-04-2024 00:00,University Professor,Pro,05-08-2024,TRUE,2024-04,147,26,3,569,1
QF1079,06-04-2024 00:00,High School Teacher,Basic,27-08-2024,FALSE,2024-04,147,12,5,569,1
QF1080,07-04-2024 00:00,K-12 Tutor,Basic,28-08-2024,TRUE,2024-04,146,3,2,568,1
QF1081,07-04-2024 00:00,Content Creator,Basic,09-08-2024,TRUE,2024-04,146,22,2,568,1
QF1082,08-04-2024 00:00,High School Teacher,Pro,18-08-2024,FALSE,2024-04,145,28,6,567,1
QF1083,08-04-2024 00:00,High School Teacher,Free,06-08-2024,TRUE,2024-04,145,25,1,567,1
QF1084,08-04-2024 00:00,High School Teacher,Pro,12-08-2024,TRUE,2024-04,145,19,7,567,1
QF1085,09-04-2024 00:00,Language Instructor,Basic,14-09-2024,TRUE,2024-04,144,23,4,566,1
QF1086,09-04-2024 00:00,Corporate Trainer,Enterprise,25-09-2024,TRUE,2024-04,144,4,6,566,1
QF1087,09-04-2024 00:00,High School Teacher,Free,29-09-2024,TRUE,2024-04,144,20,1,566,1
QF1088,09-04-2024 00:00,Content Creator,Free,29-09-2024,FALSE,2024-04,144,13,2,566,1
QF1089,09-04-2024 00:00,High School Teacher,Enterprise,09-09-2024,TRUE,2024-04,144,16,12,566,0
QF1090,10-04-2024 00:00,HR Professional,Basic,15-10-2024,TRUE,2024-04,143,13,5,565,1
QF1091,10-04-2024 00:00,University Professor,Free,06-10-2024,FALSE,2024-04,143,18,1,565,1
QF1092,10-04-2024 00:00,Language Instructor,Basic,13-10-2024,FALSE,2024-04,143,8,4,565,1
QF1093,10-04-2024 00:00,HR Professional,Basic,02-11-2024,TRUE,2024-04,143,4,1,565,1
QF1094,11-04-2024 00:00,STEM Educator,Basic,17-11-2024,FALSE,2024-04,142,15,2,564,1
QF1095,11-04-2024 00:00,University Professor,Free,05-11-2024,FALSE,2024-04,142,6,0,564,1
QF1096,11-04-2024 00:00,High School Teacher,Enterprise,06-11-2024,FALSE,2024-04,142,18,15,564,0
QF1097,12-04-2024 00:00,Corporate Trainer,Basic,09-12-2024,FALSE,2024-04,141,9,6,563,1
QF1098,12-04-2024 00:00,Content Creator,Free,28-12-2024,FALSE,2024-04,141,24,2,563,1
QF1099,12-04-2024 00:00,K-12 Tutor,Enterprise,17-12-2024,TRUE,2024-04,141,16,14,563,0
QF1100,12-04-2024 00:00,High School Teacher,Free,30-12-2024,TRUE,2024-04,141,19,1,563,1
QF1101,08-12-2024 17:02,Corporate Trainer,Enterprise,06-08-2024,TRUE,2024-04,140,25,7,576,2
QF1102,11-11-2024 00:00,University Professor,Basic,19-08-2024,FALSE,2024-04,140,6,5,350,1
QF1103,06-12-2024 09:09,Content Creator,Basic,10-08-2024,TRUE,2024-04,140,21,3,486,2
QF1104,03-01-2024 00:00,University Professor,Pro,15-08-2024,TRUE,2024-04,139,16,1,663,1
QF1105,08-02-2024 00:00,High School Teacher,Free,15-08-2024,FALSE,2024-04,139,3,3,627,1
QF1106,04-05-2024 00:00,Corporate Trainer,Basic,16-08-2024,TRUE,2024-04,139,15,1,541,1
QF1107,02-06-2024 20:31,University Professor,Basic,13-08-2024,FALSE,2024-04,138,21,4,356,2
QF1108,18-08-2024 00:14,K-12 Tutor,Basic,26-08-2024,TRUE,2024-04,138,5,5,354,2
QF1109,06-02-2024 00:00,High School Teacher,Basic,13-08-2024,TRUE,2024-04,138,18,2,629,1
QF1110,06-03-2024 00:00,STEM Educator,Basic,17-08-2024,TRUE,2024-04,138,14,1,600,1
QF1111,09-02-2024 00:00,K-12 Tutor,Basic,25-08-2024,TRUE,2024-04,137,6,4,626,1
QF1112,11-06-2024 00:00,Content Creator,Basic,29-08-2024,FALSE,2024-04,137,25,7,503,1
QF1113,05-01-2024 16:55,STEM Educator,Basic,29-08-2024,TRUE,2024-04,137,2,11,436,0
QF1114,11-04-2024 00:00,Corporate Trainer,Basic,17-08-2024,TRUE,2024-04,136,14,3,564,1
QF1115,31-07-2024 23:41,Language Instructor,Free,04-08-2024,FALSE,2024-04,136,4,2,583,2
QF1116,17-09-2024 15:45,Corporate Trainer,Enterprise,11-08-2024,TRUE,2024-04,135,20,14,505,0
QF1117,10-07-2024 00:00,High School Teacher,Free,17-08-2024,TRUE,2024-04,135,14,1,474,1
QF1118,01-07-2024 01:46,Corporate Trainer,Basic,13-08-2024,FALSE,2024-04,134,20,4,564,2
QF1119,09-02-2024 00:00,High School Teacher,Basic,22-08-2024,FALSE,2024-04,134,22,1,626,1
QF1120,04-12-2024 00:00,University Professor,Pro,19-08-2024,TRUE,2024-04,134,12,4,327,1
QF1121,05-03-2024 00:19,Content Creator,Free,27-08-2024,TRUE,2024-04,133,4,1,454,2
QF1122,23-04-2024 11:08,High School Teacher,Free,29-08-2024,FALSE,2024-04,133,27,5,516,2
QF1123,05-07-2024 00:00,Corporate Trainer,Pro,29-08-2024,TRUE,2024-04,133,2,1,479,1
QF1124,06-11-2024 21:03,High School Teacher,Basic,29-08-2024,TRUE,2024-04,133,2,9,591,0
QF1125,14-01-2024 09:44,HR Professional,Basic,09-08-2024,FALSE,2024-04,133,18,7,632,2
QF1126,04-12-2024 14:09,High School Teacher,Free,30-08-2024,TRUE,2024-04,133,1,1,497,2
QF1127,24-11-2024 00:11,High School Teacher,Basic,05-08-2024,FALSE,2024-04,132,27,1,358,2
QF1128,08-04-2024 20:39,University Professor,Basic,12-08-2024,TRUE,2024-04,132,19,3,543,2
QF1129,07-10-2024 00:00,Corporate Trainer,Free,14-08-2024,FALSE,2024-04,132,13,1,385,1
QF1130,04-05-2024 00:00,HR Professional,Basic,08-08-2024,TRUE,2024-04,132,23,1,541,1
QF1131,06-03-2024 00:00,K-12 Tutor,Free,01-08-2024,FALSE,2024-04,132,25,1,600,1
QF1132,26-07-2024 01:44,High School Teacher,Free,15-08-2024,FALSE,2024-04,132,16,1,625,2
QF1133,04-07-2024 18:27,University Professor,Pro,04-08-2024,TRUE,2024-04,131,27,6,533,2
QF1134,08-11-2024 19:41,High School Teacher,Free,21-08-2024,FALSE,2024-04,131,27,0,503,2
QF1135,06-08-2024 14:38,High School Teacher,Pro,18-08-2024,TRUE,2024-04,131,13,5,537,2
QF1136,23-02-2024 23:49,Corporate Trainer,Basic,04-08-2024,TRUE,2024-04,131,27,3,645,2
QF1137,30-08-2024 10:50,University Professor,Pro,26-08-2024,TRUE,2024-04,131,5,4,616,2
QF1138,10-12-2024 11:46,Corporate Trainer,Basic,30-08-2024,TRUE,2024-04,130,1,3,460,2
QF1139,11-10-2024 21:41,HR Professional,Basic,04-08-2024,TRUE,2024-04,130,27,2,557,2
QF1140,11-06-2024 00:00,Corporate Trainer,Basic,14-08-2024,TRUE,2024-04,129,17,5,503,1
QF1141,06-07-2024 07:16,HR Professional,Basic,13-08-2024,TRUE,2024-04,129,18,1,629,2
QF1142,07-06-2024 01:51,Content Creator,Free,06-08-2024,TRUE,2024-04,129,25,1,581,2
QF1143,04-10-2024 08:12,Corporate Trainer,Enterprise,13-08-2024,TRUE,2024-04,129,18,21,516,0
QF1144,08-06-2024 10:22,High School Teacher,Free,04-08-2024,FALSE,2024-04,128,4,3,569,2
QF1145,05-06-2024 00:00,K-12 Tutor,Pro,18-08-2024,TRUE,2024-04,128,13,3,509,1
QF1146,02-08-2024 00:00,STEM Educator,Free,27-08-2024,FALSE,2024-04,127,8,4,451,1
QF1147,08-08-2024 00:00,Content Creator,Free,15-08-2024,TRUE,2024-04,127,16,1,445,1
QF1148,30-08-2024 07:31,University Professor,Pro,30-08-2024,TRUE,2024-04,126,1,6,572,2
QF1149,21-10-2024 18:55,STEM Educator,Free,09-08-2024,FALSE,2024-04,126,24,1,492,2
QF1150,21-09-2024 22:29,Language Instructor,Basic,04-08-2024,TRUE,2024-04,126,27,1,320,2
QF1151,15-05-2024 01:36,K-12 Tutor,Free,25-08-2024,FALSE,2024-04,126,18,1,661,2
QF1152,04-06-2024 00:00,Corporate Trainer,Basic,06-08-2024,TRUE,2024-04,125,25,1,510,1
QF1153,02-12-2024 00:00,HR Professional,Basic,04-08-2024,TRUE,2024-04,125,27,1,329,1
QF1154,26-09-2024 18:57,High School Teacher,Free,15-08-2024,TRUE,2024-04,125,16,1,404,2
QF1155,03-10-2024 00:00,HR Professional,Basic,16-08-2024,TRUE,2024-04,125,15,7,389,1
QF1156,03-01-2024 03:49,HR Professional,Free,06-08-2024,FALSE,2024-04,125,20,5,465,2
QF1157,01-08-2024 00:00,High School Teacher,Free,28-08-2024,FALSE,2024-04,125,30,3,452,1
QF1158,07-05-2024 22:31,Language Instructor,Basic,09-08-2024,FALSE,2024-04,125,20,2,624,2
QF1159,12-04-2024 07:03,Corporate Trainer,Free,14-08-2024,FALSE,2024-04,125,10,1,649,2
QF1160,11-01-2024 00:00,Language Instructor,Basic,17-08-2024,TRUE,2024-04,125,14,1,655,1
QF1161,01-07-2024 11:36,Content Creator,Free,30-08-2024,FALSE,2024-04,124,14,1,550,2
QF1162,02-11-2024 00:00,High School Teacher,Free,11-08-2024,FALSE,2024-04,123,12,1,359,1
QF1163,17-10-2024 04:18,Content Creator,Free,10-08-2024,FALSE,2024-04,123,12,3,494,2
QF1164,01-05-2024 00:00,High School Teacher,Basic,29-08-2024,TRUE,2024-05,122,2,3,544,1
QF1165,01-05-2024 00:00,High School Teacher,Free,07-08-2024,TRUE,2024-05,122,24,1,544,1
QF1166,01-05-2024 00:00,Corporate Trainer,Pro,04-08-2024,TRUE,2024-05,122,27,5,544,1
QF1167,02-05-2024 00:00,Corporate Trainer,Basic,27-08-2024,TRUE,2024-05,121,4,3,543,1
QF1168,02-05-2024 00:00,Content Creator,Free,13-08-2024,TRUE,2024-05,121,18,1,543,1
QF1169,02-05-2024 00:00,University Professor,Basic,13-08-2024,TRUE,2024-05,121,18,1,543,1
QF1170,02-05-2024 00:00,Corporate Trainer,Free,04-08-2024,FALSE,2024-05,121,21,1,543,1
QF1171,02-05-2024 00:00,Corporate Trainer,Free,25-08-2024,TRUE,2024-05,121,6,0,543,1
QF1172,03-05-2024 00:00,High School Teacher,Free,15-08-2024,FALSE,2024-05,120,7,1,542,1
QF1173,03-05-2024 00:00,HR Professional,Basic,26-08-2024,TRUE,2024-05,120,5,5,542,1
QF1174,03-05-2024 00:00,Corporate Trainer,Pro,29-08-2024,TRUE,2024-05,120,2,2,542,1
QF1175,03-05-2024 00:00,STEM Educator,Free,08-08-2024,TRUE,2024-05,120,23,2,542,1
QF1176,03-05-2024 00:00,Corporate Trainer,Enterprise,09-08-2024,TRUE,2024-05,120,22,9,542,0
QF1177,03-05-2024 00:00,University Professor,Pro,10-08-2024,TRUE,2024-05,120,21,10,542,0
QF1178,04-05-2024 00:00,High School Teacher,Basic,18-08-2024,TRUE,2024-05,119,13,2,541,1
QF1179,04-05-2024 00:00,High School Teacher,Free,19-08-2024,FALSE,2024-05,119,19,2,541,1
QF1180,05-05-2024 00:00,Corporate Trainer,Pro,29-08-2024,FALSE,2024-05,118,19,3,540,1
QF1181,05-05-2024 00:00,University Professor,Enterprise,07-08-2024,TRUE,2024-05,118,24,14,540,0
QF1182,05-05-2024 00:00,University Professor,Basic,25-08-2024,TRUE,2024-05,118,6,1,540,1
QF1183,05-05-2024 00:00,Language Instructor,Free,16-08-2024,TRUE,2024-05,118,15,1,540,1
QF1184,05-05-2024 00:00,Corporate Trainer,Free,12-08-2024,TRUE,2024-05,118,19,1,540,1
QF1185,05-05-2024 00:00,High School Teacher,Basic,02-08-2024,TRUE,2024-05,118,29,4,540,1
QF1186,06-05-2024 00:00,University Professor,Basic,13-08-2024,TRUE,2024-05,117,18,9,539,0
QF1187,07-05-2024 00:00,High School Teacher,Free,16-08-2024,FALSE,2024-05,116,2,2,538,1
QF1188,07-05-2024 00:00,Corporate Trainer,Basic,27-08-2024,TRUE,2024-05,116,4,1,538,1
QF1189,07-05-2024 00:00,Corporate Trainer,Enterprise,01-08-2024,TRUE,2024-05,116,30,14,538,0
QF1190,07-05-2024 00:00,High School Teacher,Free,11-08-2024,FALSE,2024-05,116,27,1,538,1
QF1191,07-05-2024 00:00,Content Creator,Free,10-08-2024,TRUE,2024-05,116,21,1,538,1
QF1192,08-05-2024 00:00,STEM Educator,Free,27-08-2024,FALSE,2024-05,115,3,2,537,1
QF1193,08-05-2024 00:00,University Professor,Basic,11-08-2024,TRUE,2024-05,115,20,3,537,1
QF1194,08-05-2024 00:00,High School Teacher,Free,11-08-2024,FALSE,2024-05,115,4,2,537,1
QF1195,08-05-2024 00:00,High School Teacher,Free,13-08-2024,TRUE,2024-05,115,18,3,537,1
QF1196,08-05-2024 00:00,K-12 Tutor,Free,22-08-2024,TRUE,2024-05,115,9,1,537,1
QF1197,09-05-2024 00:00,Corporate Trainer,Basic,22-09-2024,FALSE,2024-05,114,18,1,536,1
QF1198,09-05-2024 00:00,HR Professional,Enterprise,27-09-2024,FALSE,2024-05,114,27,4,536,1
QF1199,09-05-2024 00:00,STEM Educator,Free,13-09-2024,FALSE,2024-05,114,5,4,536,1
QF1200,09-05-2024 00:00,Content Creator,Free,20-09-2024,FALSE,2024-05,114,14,6,536,1
QF1201,09-05-2024 00:00,Content Creator,Basic,11-09-2024,TRUE,2024-05,114,17,1,536,1
QF1202,09-05-2024 00:00,Corporate Trainer,Basic,28-09-2024,FALSE,2024-05,114,7,2,536,1
QF1203,09-05-2024 00:00,University Professor,Basic,30-09-2024,TRUE,2024-05,114,6,1,536,1
QF1204,10-05-2024 00:00,HR Professional,Free,10-10-2024,FALSE,2024-05,113,23,0,535,1
QF1205,10-05-2024 00:00,Content Creator,Pro,14-10-2024,FALSE,2024-05,113,20,2,535,1
QF1206,10-05-2024 00:00,Content Creator,Basic,27-10-2024,TRUE,2024-05,113,6,1,535,1
QF1207,10-05-2024 00:00,High School Teacher,Free,07-10-2024,FALSE,2024-05,113,20,3,535,1
QF1208,10-05-2024 00:00,STEM Educator,Free,08-10-2024,FALSE,2024-05,113,2,1,535,1
QF1209,10-05-2024 00:00,Corporate Trainer,Pro,23-10-2024,FALSE,2024-05,113,29,5,535,1
QF1210,11-05-2024 00:00,High School Teacher,Free,15-11-2024,FALSE,2024-05,112,24,1,534,1
QF1211,11-05-2024 00:00,HR Professional,Enterprise,19-11-2024,TRUE,2024-05,112,16,7,534,1
QF1212,11-05-2024 00:00,University Professor,Basic,29-11-2024,TRUE,2024-05,112,16,10,534,0
QF1213,12-05-2024 00:00,K-12 Tutor,Free,17-12-2024,FALSE,2024-05,111,18,1,533,1
QF1214,12-05-2024 00:00,Corporate Trainer,Free,08-12-2024,FALSE,2024-05,111,26,1,533,1
QF1215,12-05-2024 00:00,High School Teacher,Basic,31-12-2024,TRUE,2024-05,111,30,3,533,1
QF1216,12-05-2024 00:00,Corporate Trainer,Free,19-12-2024,FALSE,2024-05,111,11,2,533,1
QF1217,12-05-2024 00:00,HR Professional,Free,30-12-2024,TRUE,2024-05,111,9,1,533,1
QF1218,03-06-2024 19:31,University Professor,Free,29-08-2024,TRUE,2024-05,110,2,1,611,2
QF1219,17-07-2024 15:33,STEM Educator,Free,30-08-2024,TRUE,2024-05,110,1,1,354,2
QF1220,31-07-2024 16:18,High School Teacher,Basic,30-08-2024,TRUE,2024-05,109,1,3,490,2
QF1221,01-09-2024 00:00,University Professor,Enterprise,27-08-2024,TRUE,2024-05,109,4,13,421,0
QF1222,07-04-2024 00:00,Corporate Trainer,Free,27-08-2024,TRUE,2024-05,109,4,2,568,1
QF1223,09-05-2024 07:36,Content Creator,Free,05-08-2024,FALSE,2024-05,108,27,1,418,2
QF1224,22-10-2024 14:30,Language Instructor,Free,01-08-2024,FALSE,2024-05,108,15,3,338,2
QF1225,02-03-2024 00:00,K-12 Tutor,Basic,06-08-2024,FALSE,2024-05,108,28,8,604,1
QF1226,11-08-2024 01:59,High School Teacher,Free,25-08-2024,FALSE,2024-05,107,25,2,542,2
QF1227,12-06-2024 00:00,University Professor,Basic,03-08-2024,TRUE,2024-05,107,28,4,502,1
QF1228,28-08-2024 03:51,Corporate Trainer,Basic,06-08-2024,FALSE,2024-05,106,8,1,598,2
QF1229,27-04-2024 22:08,Corporate Trainer,Enterprise,17-08-2024,TRUE,2024-05,106,14,14,614,0
QF1230,06-08-2024 00:00,Content Creator,Pro,16-08-2024,TRUE,2024-05,106,15,3,447,1
QF1231,05-04-2024 00:00,High School Teacher,Free,20-08-2024,FALSE,2024-05,106,27,1,570,1
QF1232,06-07-2024 00:00,University Professor,Basic,30-08-2024,TRUE,2024-05,105,1,2,478,1
QF1233,05-12-2024 00:00,High School Teacher,Free,20-08-2024,FALSE,2024-05,105,4,3,326,1
QF1234,21-09-2024 10:36,STEM Educator,Pro,14-08-2024,FALSE,2024-05,105,12,5,578,2
QF1235,04-12-2024 03:23,High School Teacher,Free,26-08-2024,TRUE,2024-05,105,5,3,635,2
QF1236,04-03-2024 00:00,High School Teacher,Pro,09-08-2024,TRUE,2024-05,104,22,3,602,1
QF1237,04-09-2024 23:32,K-12 Tutor,Free,18-08-2024,FALSE,2024-05,104,14,3,358,2
QF1238,28-01-2024 00:59,Language Instructor,Basic,07-08-2024,TRUE,2024-05,102,24,2,577,2
QF1239,18-07-2024 08:34,K-12 Tutor,Free,15-08-2024,FALSE,2024-05,102,20,3,452,2
QF1240,07-03-2024 09:35,Corporate Trainer,Pro,08-08-2024,TRUE,2024-05,102,23,2,411,2
QF1241,05-02-2024 00:00,HR Professional,Basic,08-08-2024,FALSE,2024-05,102,25,2,630,1
QF1242,09-05-2024 00:00,High School Teacher,Pro,11-08-2024,TRUE,2024-05,102,20,10,536,0
QF1243,18-09-2024 05:18,STEM Educator,Free,01-08-2024,FALSE,2024-05,101,28,1,638,2
QF1244,01-12-2024 00:00,K-12 Tutor,Free,04-08-2024,TRUE,2024-05,101,27,1,330,1
QF1245,02-09-2024 00:00,STEM Educator,Basic,11-08-2024,TRUE,2024-05,101,20,2,420,1
QF1246,03-10-2024 07:04,High School Teacher,Free,11-08-2024,FALSE,2024-05,101,29,1,542,2
QF1247,24-02-2024 17:55,High School Teacher,Free,05-08-2024,FALSE,2024-05,101,24,1,415,2
QF1248,12-03-2024 00:00,High School Teacher,Free,20-08-2024,FALSE,2024-05,100,10,2,594,1
QF1249,04-02-2024 09:13,University Professor,Enterprise,23-08-2024,TRUE,2024-05,100,8,13,599,0
QF1250,05-12-2024 09:19,University Professor,Pro,10-08-2024,TRUE,2024-05,99,21,1,446,2
QF1251,06-08-2024 00:00,Content Creator,Free,14-08-2024,FALSE,2024-05,99,9,1,447,1
QF1252,04-09-2024 20:00,High School Teacher,Pro,02-08-2024,TRUE,2024-05,99,29,5,341,2
QF1253,06-10-2024 00:00,High School Teacher,Free,18-08-2024,FALSE,2024-05,99,1,0,386,1
QF1254,08-06-2024 14:10,High School Teacher,Pro,14-08-2024,TRUE,2024-05,98,17,6,518,2
QF1255,04-12-2024 00:00,K-12 Tutor,Free,27-08-2024,FALSE,2024-05,98,2,6,327,1
QF1256,09-05-2024 05:41,Content Creator,Free,07-08-2024,FALSE,2024-05,98,13,1,566,2
QF1257,10-07-2024 01:56,University Professor,Pro,18-08-2024,TRUE,2024-05,98,13,4,375,2
QF1258,12-02-2024 22:37,High School Teacher,Pro,11-08-2024,TRUE,2024-05,98,20,5,424,2
QF1259,06-03-2024 00:00,HR Professional,Pro,17-08-2024,TRUE,2024-05,98,14,6,600,1
QF1260,11-08-2024 15:26,Content Creator,Basic,22-08-2024,TRUE,2024-05,97,9,2,613,2
QF1261,08-07-2024 20:06,High School Teacher,Basic,09-08-2024,FALSE,2024-05,97,3,0,518,2
QF1262,05-01-2024 08:30,Corporate Trainer,Basic,08-08-2024,TRUE,2024-05,97,23,2,630,2
QF1263,21-04-2024 07:20,High School Teacher,Basic,03-08-2024,TRUE,2024-05,97,28,2,583,2
QF1264,10-12-2024 00:00,Language Instructor,Pro,15-08-2024,TRUE,2024-05,97,16,7,321,1
QF1265,03-12-2024 00:00,K-12 Tutor,Free,26-08-2024,FALSE,2024-05,97,19,1,328,1
QF1266,12-07-2024 00:00,STEM Educator,Free,05-08-2024,FALSE,2024-05,96,2,2,472,1
QF1267,23-03-2024 18:10,Content Creator,Basic,14-08-2024,FALSE,2024-05,96,22,3,477,2
QF1268,23-02-2024 21:34,HR Professional,Free,08-08-2024,FALSE,2024-05,96,9,1,629,2
QF1269,22-01-2024 20:48,Corporate Trainer,Enterprise,05-08-2024,TRUE,2024-05,96,26,9,380,0
QF1270,22-09-2024 07:46,High School Teacher,Basic,14-08-2024,FALSE,2024-05,96,24,4,384,2
QF1271,04-01-2024 00:00,Content Creator,Enterprise,26-08-2024,TRUE,2024-05,96,5,9,662,0
QF1272,20-11-2024 20:00,Content Creator,Pro,19-08-2024,TRUE,2024-05,95,12,4,416,2
QF1273,12-09-2024 16:09,Corporate Trainer,Basic,09-08-2024,FALSE,2024-05,95,17,1,407,2
QF1274,08-12-2024 16:16,K-12 Tutor,Basic,18-08-2024,FALSE,2024-05,94,17,1,390,2
QF1275,22-02-2024 14:21,Corporate Trainer,Free,21-08-2024,FALSE,2024-05,94,20,1,442,2
QF1276,07-03-2024 00:00,Content Creator,Free,26-08-2024,FALSE,2024-05,94,23,1,599,1
QF1277,04-09-2024 00:00,Corporate Trainer,Pro,30-08-2024,TRUE,2024-05,94,1,3,418,1
QF1278,29-02-2024 03:20,University Professor,Enterprise,12-08-2024,FALSE,2024-05,94,12,14,460,0
QF1279,05-01-2024 00:00,K-12 Tutor,Free,26-08-2024,FALSE,2024-05,94,17,2,661,1
QF1280,03-07-2024 00:00,University Professor,Free,08-08-2024,FALSE,2024-05,93,17,1,481,1
QF1281,11-11-2024 20:03,Corporate Trainer,Free,05-08-2024,FALSE,2024-05,93,7,3,540,2
QF1282,07-02-2024 05:10,Content Creator,Basic,07-08-2024,TRUE,2024-05,92,24,7,392,2
QF1283,18-10-2024 03:34,K-12 Tutor,Enterprise,14-08-2024,FALSE,2024-05,92,2,18,508,0
QF1284,11-05-2024 00:00,High School Teacher,Enterprise,29-08-2024,TRUE,2024-05,92,2,11,534,0
QF1285,01-06-2024 00:00,K-12 Tutor,Basic,11-08-2024,TRUE,2024-06,91,20,6,513,1
QF1286,01-06-2024 00:00,K-12 Tutor,Free,27-08-2024,FALSE,2024-06,91,24,4,513,1
QF1287,01-06-2024 00:00,High School Teacher,Pro,05-08-2024,FALSE,2024-06,91,6,1,513,1
QF1288,01-06-2024 00:00,Content Creator,Basic,07-08-2024,TRUE,2024-06,91,24,1,513,1
QF1289,01-06-2024 00:00,HR Professional,Free,23-08-2024,TRUE,2024-06,91,8,2,513,1
QF1290,01-06-2024 00:00,Corporate Trainer,Free,03-08-2024,FALSE,2024-06,91,10,1,513,1
QF1291,01-06-2024 00:00,Content Creator,Free,01-08-2024,TRUE,2024-06,91,30,1,513,1
QF1292,02-06-2024 00:00,High School Teacher,Free,23-08-2024,FALSE,2024-06,90,6,2,512,1
QF1293,02-06-2024 00:00,High School Teacher,Free,07-08-2024,TRUE,2024-06,90,24,2,512,1
QF1294,02-06-2024 00:00,Corporate Trainer,Pro,19-08-2024,TRUE,2024-06,90,12,7,512,1
QF1295,02-06-2024 00:00,High School Teacher,Enterprise,19-08-2024,TRUE,2024-06,90,12,15,512,0
QF1296,03-06-2024 00:00,HR Professional,Enterprise,12-08-2024,TRUE,2024-06,89,19,19,511,0
QF1297,03-06-2024 00:00,K-12 Tutor,Basic,02-08-2024,TRUE,2024-06,89,29,1,511,1
QF1298,03-06-2024 00:00,Language Instructor,Basic,07-08-2024,TRUE,2024-06,89,24,3,511,1
QF1299,03-06-2024 00:00,HR Professional,Free,12-08-2024,FALSE,2024-06,89,6,1,511,1
QF1300,03-06-2024 00:00,University Professor,Basic,12-08-2024,TRUE,2024-06,89,19,2,511,1
QF1301,03-06-2024 00:00,High School Teacher,Free,30-08-2024,FALSE,2024-06,89,8,1,511,1
QF1302,03-06-2024 00:00,K-12 Tutor,Pro,06-08-2024,FALSE,2024-06,89,24,3,511,1
QF1303,03-06-2024 00:00,High School Teacher,Free,04-08-2024,TRUE,2024-06,89,27,1,511,1
QF1304,04-06-2024 00:00,Corporate Trainer,Basic,17-08-2024,TRUE,2024-06,88,14,3,510,1
QF1305,04-06-2024 00:00,University Professor,Basic,15-08-2024,TRUE,2024-06,88,16,1,510,1
QF1306,04-06-2024 00:00,K-12 Tutor,Free,01-08-2024,TRUE,2024-06,88,30,2,510,1
QF1307,04-06-2024 00:00,High School Teacher,Basic,08-08-2024,FALSE,2024-06,88,5,4,510,1
QF1308,04-06-2024 00:00,High School Teacher,Pro,21-08-2024,TRUE,2024-06,88,10,1,510,1
QF1309,04-06-2024 00:00,High School Teacher,Free,17-08-2024,FALSE,2024-06,88,18,3,510,1
QF1310,05-06-2024 00:00,University Professor,Free,25-08-2024,TRUE,2024-06,87,6,1,509,1
QF1311,05-06-2024 00:00,Corporate Trainer,Basic,05-08-2024,FALSE,2024-06,87,23,1,509,1
QF1312,05-06-2024 00:00,University Professor,Free,29-08-2024,FALSE,2024-06,87,11,4,509,1
QF1313,05-06-2024 00:00,Corporate Trainer,Basic,14-08-2024,TRUE,2024-06,87,17,4,509,1
QF1314,05-06-2024 00:00,K-12 Tutor,Basic,02-08-2024,TRUE,2024-06,87,29,1,509,1
QF1315,05-06-2024 00:00,University Professor,Pro,12-08-2024,FALSE,2024-06,87,18,3,509,1
QF1316,06-06-2024 00:00,HR Professional,Pro,30-08-2024,TRUE,2024-06,86,1,7,508,1
QF1317,06-06-2024 00:00,University Professor,Pro,19-08-2024,TRUE,2024-06,86,12,1,508,1
QF1318,06-06-2024 00:00,High School Teacher,Pro,23-08-2024,TRUE,2024-06,86,8,6,508,1
QF1319,07-06-2024 00:00,STEM Educator,Free,09-08-2024,FALSE,2024-06,85,13,1,507,1
QF1320,07-06-2024 00:00,University Professor,Pro,17-08-2024,FALSE,2024-06,85,22,4,507,1
QF1321,08-06-2024 00:00,High School Teacher,Free,27-08-2024,FALSE,2024-06,84,5,1,506,1
QF1322,08-06-2024 00:00,University Professor,Basic,09-08-2024,FALSE,2024-06,84,13,6,506,1
QF1323,09-06-2024 00:00,High School Teacher,Pro,23-09-2024,FALSE,2024-06,83,29,6,505,1
QF1324,09-06-2024 00:00,High School Teacher,Basic,15-09-2024,TRUE,2024-06,83,10,3,505,1
QF1325,09-06-2024 00:00,Language Instructor,Basic,27-09-2024,FALSE,2024-06,83,28,4,505,1
QF1326,09-06-2024 00:00,University Professor,Free,27-09-2024,FALSE,2024-06,83,7,3,505,1
QF1327,10-06-2024 00:00,High School Teacher,Free,29-10-2024,TRUE,2024-06,82,26,1,504,1
QF1328,10-06-2024 00:00,K-12 Tutor,Free,28-10-2024,FALSE,2024-06,82,24,1,504,1
QF1329,10-06-2024 00:00,K-12 Tutor,Free,21-10-2024,FALSE,2024-06,82,28,3,504,1
QF1330,10-06-2024 00:00,High School Teacher,Basic,14-10-2024,TRUE,2024-06,82,25,4,504,1
QF1331,10-06-2024 00:00,HR Professional,Free,14-10-2024,FALSE,2024-06,82,7,1,504,1
QF1332,11-06-2024 00:00,K-12 Tutor,Free,09-11-2024,TRUE,2024-06,81,9,4,503,1
QF1333,11-06-2024 00:00,Corporate Trainer,Free,09-11-2024,FALSE,2024-06,81,12,1,503,1
QF1334,11-06-2024 00:00,Content Creator,Pro,14-11-2024,FALSE,2024-06,81,24,2,503,1
QF1335,11-06-2024 00:00,Corporate Trainer,Free,29-11-2024,FALSE,2024-06,81,17,0,503,1
QF1336,11-06-2024 00:00,University Professor,Pro,05-12-2024,FALSE,2024-06,81,21,3,503,1
QF1337,11-06-2024 00:00,K-12 Tutor,Free,12-11-2024,FALSE,2024-06,81,9,0,503,1
QF1338,11-06-2024 00:00,Content Creator,Basic,29-11-2024,TRUE,2024-06,81,11,3,503,1
QF1339,12-06-2024 00:00,High School Teacher,Basic,19-12-2024,TRUE,2024-06,80,17,5,502,1
QF1340,12-06-2024 00:00,K-12 Tutor,Basic,15-12-2024,TRUE,2024-06,80,21,1,502,1
QF1341,12-06-2024 00:00,K-12 Tutor,Free,20-12-2024,FALSE,2024-06,80,19,4,502,1
QF1342,12-06-2024 00:00,High School Teacher,Basic,29-12-2024,TRUE,2024-06,80,9,1,502,1
QF1343,12-06-2024 00:00,University Professor,Free,01-01-2025,FALSE,2024-06,80,14,0,502,1
QF1344,12-06-2024 00:00,Corporate Trainer,Free,25-12-2024,FALSE,2024-06,80,9,2,502,1
QF1345,10-03-2024 00:00,Content Creator,Free,10-08-2024,TRUE,2024-06,79,21,1,596,1
QF1346,06-05-2024 00:00,Language Instructor,Basic,09-08-2024,TRUE,2024-06,79,22,1,539,1
QF1347,22-04-2024 01:31,University Professor,Free,19-08-2024,FALSE,2024-06,79,10,1,620,2
QF1348,08-06-2024 00:00,Corporate Trainer,Free,20-08-2024,FALSE,2024-06,79,23,1,506,1
QF1349,14-03-2024 20:14,High School Teacher,Enterprise,12-08-2024,TRUE,2024-06,79,19,11,444,0
QF1350,11-05-2024 00:00,Content Creator,Free,07-08-2024,FALSE,2024-06,78,28,1,534,1
QF1351,05-03-2024 00:00,University Professor,Basic,29-08-2024,TRUE,2024-06,78,2,1,601,1
QF1352,04-11-2024 00:00,High School Teacher,Free,26-08-2024,FALSE,2024-06,78,30,1,357,1
QF1353,01-08-2024 17:40,K-12 Tutor,Free,22-08-2024,FALSE,2024-06,78,27,1,344,2
QF1354,05-10-2024 00:00,Corporate Trainer,Free,09-08-2024,TRUE,2024-06,78,22,1,387,1
QF1355,28-07-2024 22:32,Corporate Trainer,Basic,12-08-2024,FALSE,2024-06,77,24,6,385,2
QF1356,25-07-2024 01:31,Corporate Trainer,Pro,19-08-2024,TRUE,2024-06,77,12,4,441,2
QF1357,15-02-2024 22:38,Corporate Trainer,Basic,04-08-2024,TRUE,2024-06,77,27,1,659,2
QF1358,03-09-2024 00:00,K-12 Tutor,Free,29-08-2024,FALSE,2024-06,77,12,1,419,1
QF1359,17-10-2024 18:14,Corporate Trainer,Free,14-08-2024,FALSE,2024-06,77,16,1,569,2
QF1360,01-04-2024 00:00,HR Professional,Free,27-08-2024,TRUE,2024-06,76,4,4,574,1
QF1361,07-02-2024 00:00,Content Creator,Free,29-08-2024,TRUE,2024-06,76,2,1,628,1
QF1362,05-01-2024 00:00,HR Professional,Pro,28-08-2024,FALSE,2024-06,76,18,3,661,1
QF1363,15-05-2024 06:33,High School Teacher,Free,06-08-2024,FALSE,2024-06,76,22,3,509,2
QF1364,14-10-2024 17:14,HR Professional,Pro,18-08-2024,TRUE,2024-06,76,13,4,374,2
QF1365,04-01-2024 20:18,High School Teacher,Free,17-08-2024,FALSE,2024-06,76,16,1,433,2
QF1366,12-07-2024 00:00,Corporate Trainer,Enterprise,14-08-2024,TRUE,2024-06,76,17,7,472,1
QF1367,23-08-2024 22:46,High School Teacher,Free,23-08-2024,FALSE,2024-06,75,27,5,494,2
QF1368,06-09-2024 12:00,Corporate Trainer,Basic,04-08-2024,TRUE,2024-06,75,27,2,471,2
QF1369,11-09-2024 14:35,University Professor,Basic,30-08-2024,FALSE,2024-06,75,14,3,447,2
QF1370,28-05-2024 01:10,Corporate Trainer,Basic,10-08-2024,TRUE,2024-06,75,21,2,506,2
QF1371,06-10-2024 15:35,Content Creator,Free,03-08-2024,TRUE,2024-06,75,28,2,419,2
QF1372,04-10-2024 00:00,University Professor,Pro,09-08-2024,TRUE,2024-06,74,22,3,388,1
QF1373,12-04-2024 00:00,High School Teacher,Basic,28-08-2024,TRUE,2024-06,74,3,6,563,1
QF1374,27-10-2024 06:21,HR Professional,Basic,03-08-2024,TRUE,2024-06,74,28,7,329,2
QF1375,21-02-2024 02:54,K-12 Tutor,Basic,17-08-2024,TRUE,2024-06,74,14,3,393,2
QF1376,06-05-2024 00:00,Content Creator,Basic,10-08-2024,TRUE,2024-06,74,21,3,539,1
QF1377,10-08-2024 00:00,HR Professional,Enterprise,30-08-2024,FALSE,2024-06,74,8,11,443,0
QF1378,09-06-2024 00:00,Language Instructor,Free,03-08-2024,FALSE,2024-06,74,12,1,505,1
QF1379,07-06-2024 00:00,K-12 Tutor,Free,03-08-2024,FALSE,2024-06,74,24,1,507,1
QF1380,05-05-2024 00:00,K-12 Tutor,Basic,03-08-2024,TRUE,2024-06,73,28,2,540,1
QF1381,04-12-2024 00:00,High School Teacher,Basic,11-08-2024,TRUE,2024-06,73,20,2,327,1
QF1382,02-04-2024 00:00,University Professor,Basic,17-08-2024,TRUE,2024-06,73,14,9,573,0
QF1383,02-07-2024 00:00,High School Teacher,Free,07-08-2024,FALSE,2024-06,73,10,1,482,1
QF1384,12-09-2024 11:11,Language Instructor,Free,03-08-2024,TRUE,2024-06,73,28,1,409,2
QF1385,01-07-2024 00:00,HR Professional,Pro,12-08-2024,TRUE,2024-06,72,19,5,483,1
QF1386,24-07-2024 17:39,Corporate Trainer,Free,25-08-2024,FALSE,2024-06,72,12,2,392,2
QF1387,20-05-2024 06:31,K-12 Tutor,Basic,01-08-2024,TRUE,2024-06,72,30,2,484,2
QF1388,07-12-2024 00:00,Corporate Trainer,Free,10-08-2024,FALSE,2024-06,72,23,1,324,1
QF1389,14-07-2024 21:04,High School Teacher,Free,19-08-2024,FALSE,2024-06,72,22,3,338,2
QF1390,07-04-2024 16:25,University Professor,Basic,04-08-2024,FALSE,2024-06,72,3,3,377,2
QF1391,08-07-2024 00:17,Corporate Trainer,Basic,29-08-2024,FALSE,2024-06,72,2,2,395,2
QF1392,16-07-2024 00:48,Language Instructor,Basic,12-08-2024,TRUE,2024-06,72,19,6,564,2
QF1393,21-03-2024 07:34,Content Creator,Free,21-08-2024,FALSE,2024-06,71,5,1,409,2
QF1394,24-10-2024 09:57,K-12 Tutor,Pro,05-08-2024,TRUE,2024-06,71,26,5,515,2
QF1395,01-10-2024 11:19,University Professor,Basic,22-08-2024,TRUE,2024-06,71,9,1,511,2
QF1396,01-07-2024 00:00,K-12 Tutor,Basic,12-08-2024,TRUE,2024-06,71,19,2,483,1
QF1397,02-08-2024 12:24,Corporate Trainer,Free,25-08-2024,FALSE,2024-06,71,26,2,628,2
QF1398,28-02-2024 15:46,STEM Educator,Free,03-08-2024,FALSE,2024-06,71,19,1,325,2
QF1399,01-09-2024 00:55,K-12 Tutor,Free,08-08-2024,FALSE,2024-06,71,27,4,615,2
QF1400,12-08-2024 03:40,HR Professional,Basic,04-08-2024,TRUE,2024-06,71,27,6,512,2
QF1401,07-05-2024 20:56,University Professor,Free,07-08-2024,TRUE,2024-06,70,24,2,407,2
QF1402,01-03-2024 13:47,Corporate Trainer,Pro,22-08-2024,TRUE,2024-06,70,9,6,608,2
QF1403,04-04-2024 13:59,High School Teacher,Pro,27-08-2024,TRUE,2024-06,70,4,15,401,0
QF1404,04-08-2024 00:00,High School Teacher,Free,09-08-2024,TRUE,2024-06,70,22,2,449,1
QF1405,06-02-2024 00:00,High School Teacher,Free,16-08-2024,FALSE,2024-06,70,26,2,629,1
QF1406,05-06-2024 00:00,High School Teacher,Free,05-08-2024,TRUE,2024-06,69,26,3,509,1
QF1407,02-08-2024 10:05,High School Teacher,Pro,29-08-2024,TRUE,2024-06,69,2,12,346,0
QF1408,07-07-2024 07:55,High School Teacher,Pro,24-08-2024,TRUE,2024-06,69,7,6,634,2
QF1409,04-02-2024 00:00,High School Teacher,Free,05-08-2024,FALSE,2024-06,69,11,4,631,1
QF1410,08-03-2024 05:21,K-12 Tutor,Free,05-08-2024,TRUE,2024-06,69,26,1,517,2
QF1411,23-01-2024 06:45,K-12 Tutor,Free,16-08-2024,FALSE,2024-06,69,10,4,418,2
QF1412,07-08-2024 00:00,Language Instructor,Free,01-08-2024,FALSE,2024-06,68,13,1,446,1
QF1413,24-02-2024 03:42,Corporate Trainer,Pro,02-08-2024,TRUE,2024-06,68,29,6,474,2
QF1414,04-10-2024 00:00,High School Teacher,Pro,08-08-2024,FALSE,2024-06,68,26,6,388,1
QF1415,12-03-2024 00:00,Corporate Trainer,Basic,30-08-2024,TRUE,2024-06,68,1,2,594,1
QF1416,08-06-2024 12:38,Corporate Trainer,Basic,27-08-2024,TRUE,2024-06,68,4,1,651,2
QF1417,18-07-2024 10:51,University Professor,Basic,02-08-2024,TRUE,2024-06,68,29,3,600,2
QF1418,02-05-2024 00:00,K-12 Tutor,Free,10-08-2024,TRUE,2024-06,68,21,4,543,1
QF1419,09-03-2024 00:00,High School Teacher,Free,15-08-2024,FALSE,2024-06,67,26,5,597,1
QF1420,10-12-2024 00:00,High School Teacher,Basic,11-08-2024,FALSE,2024-06,67,11,4,321,1
QF1421,13-11-2024 10:20,HR Professional,Free,06-08-2024,FALSE,2024-06,67,28,3,552,2
QF1422,07-12-2024 04:56,Corporate Trainer,Pro,08-08-2024,FALSE,2024-06,67,29,2,339,2
QF1423,27-01-2024 05:34,K-12 Tutor,Pro,24-08-2024,TRUE,2024-06,67,7,4,569,2
QF1424,22-07-2024 16:28,High School Teacher,Pro,01-08-2024,TRUE,2024-06,66,30,3,507,2
QF1425,07-07-2024 06:35,University Professor,Pro,19-08-2024,TRUE,2024-06,66,12,4,468,2
QF1426,03-01-2024 00:00,STEM Educator,Basic,20-08-2024,TRUE,2024-06,66,11,12,663,0
QF1427,18-04-2024 09:45,K-12 Tutor,Basic,14-08-2024,TRUE,2024-06,66,17,5,403,2
QF1428,13-02-2024 04:11,Content Creator,Free,23-08-2024,FALSE,2024-06,66,3,1,612,2
QF1429,08-01-2024 00:00,High School Teacher,Free,20-08-2024,FALSE,2024-06,65,14,0,658,1
QF1430,28-03-2024 09:27,K-12 Tutor,Free,29-08-2024,TRUE,2024-06,65,2,1,520,2
QF1431,23-01-2024 07:01,K-12 Tutor,Enterprise,16-08-2024,FALSE,2024-06,65,22,13,342,0
QF1432,30-09-2024 08:34,Corporate Trainer,Free,22-08-2024,TRUE,2024-06,65,9,2,653,2
QF1433,03-07-2024 23:16,Language Instructor,Free,11-08-2024,FALSE,2024-06,64,5,2,473,2
QF1434,01-09-2024 02:24,Corporate Trainer,Pro,14-08-2024,FALSE,2024-06,64,18,5,448,2
QF1435,19-02-2024 13:27,Language Instructor,Free,20-08-2024,TRUE,2024-06,64,11,0,538,2
QF1436,02-01-2024 00:00,University Professor,Free,26-08-2024,FALSE,2024-06,64,30,3,664,1
QF1437,12-01-2024 00:00,Content Creator,Free,22-08-2024,FALSE,2024-06,64,8,1,654,1
QF1438,31-08-2024 10:25,High School Teacher,Pro,13-08-2024,FALSE,2024-06,64,29,3,607,2
QF1439,03-06-2024 17:02,High School Teacher,Free,27-08-2024,FALSE,2024-06,63,11,3,460,2
QF1440,08-05-2024 00:00,Content Creator,Free,19-08-2024,FALSE,2024-06,63,27,1,537,1
QF1441,03-01-2024 17:06,Corporate Trainer,Pro,18-08-2024,TRUE,2024-06,63,13,7,450,2
QF1442,22-03-2024 18:34,Corporate Trainer,Free,14-08-2024,FALSE,2024-06,63,25,1,657,2
QF1443,10-02-2024 11:48,High School Teacher,Free,06-08-2024,FALSE,2024-06,63,11,1,556,2
QF1444,03-03-2024 00:00,High School Teacher,Enterprise,04-08-2024,TRUE,2024-06,63,27,13,603,0
QF1445,23-06-2024 09:17,HR Professional,Enterprise,06-08-2024,TRUE,2024-06,63,25,10,493,0
QF1446,04-10-2024 02:33,University Professor,Basic,25-08-2024,TRUE,2024-06,63,6,8,352,2
QF1447,14-06-2024 20:25,Content Creator,Basic,28-08-2024,TRUE,2024-06,62,3,3,478,2
QF1448,26-03-2024 01:19,Corporate Trainer,Basic,18-08-2024,TRUE,2024-06,62,13,3,478,2
QF1449,03-07-2024 00:00,High School Teacher,Free,21-08-2024,TRUE,2024-06,62,10,2,481,1
QF1450,13-06-2024 04:52,High School Teacher,Basic,09-08-2024,FALSE,2024-06,62,3,1,598,2
QF1451,01-07-2024 00:00,Content Creator,Free,10-08-2024,TRUE,2024-07,61,21,1,483,1
QF1452,01-07-2024 00:00,Corporate Trainer,Basic,20-08-2024,TRUE,2024-07,61,11,1,483,1
QF1453,01-07-2024 00:00,Content Creator,Free,13-08-2024,FALSE,2024-07,61,21,4,483,1
QF1454,01-07-2024 00:00,Language Instructor,Free,18-08-2024,FALSE,2024-07,61,13,1,483,1
QF1455,01-07-2024 00:00,High School Teacher,Free,25-08-2024,FALSE,2024-07,61,20,1,483,1
QF1456,01-07-2024 00:00,University Professor,Basic,26-08-2024,FALSE,2024-07,61,27,3,483,1
QF1457,01-07-2024 00:00,HR Professional,Enterprise,16-08-2024,TRUE,2024-07,61,15,13,483,0
QF1458,02-07-2024 00:00,K-12 Tutor,Basic,25-08-2024,FALSE,2024-07,60,16,6,482,1
QF1459,02-07-2024 00:00,High School Teacher,Basic,19-08-2024,TRUE,2024-07,60,12,3,482,1
QF1460,02-07-2024 00:00,High School Teacher,Free,12-08-2024,FALSE,2024-07,60,15,2,482,1
QF1461,03-07-2024 00:00,Language Instructor,Basic,16-08-2024,FALSE,2024-07,59,13,3,481,1
QF1462,03-07-2024 00:00,HR Professional,Enterprise,14-08-2024,TRUE,2024-07,59,17,13,481,0
QF1463,03-07-2024 00:00,High School Teacher,Free,25-08-2024,FALSE,2024-07,59,4,3,481,1
QF1464,03-07-2024 00:00,STEM Educator,Free,09-08-2024,FALSE,2024-07,59,9,1,481,1
QF1465,03-07-2024 00:00,Corporate Trainer,Basic,14-08-2024,TRUE,2024-07,59,17,2,481,1
QF1466,03-07-2024 00:00,HR Professional,Pro,13-08-2024,FALSE,2024-07,59,4,6,481,1
QF1467,03-07-2024 00:00,Content Creator,Basic,25-08-2024,TRUE,2024-07,59,6,3,481,1
QF1468,04-07-2024 00:00,K-12 Tutor,Basic,09-08-2024,FALSE,2024-07,58,13,1,480,1
QF1469,04-07-2024 00:00,High School Teacher,Free,12-08-2024,FALSE,2024-07,58,14,1,480,1
QF1470,04-07-2024 00:00,Corporate Trainer,Basic,08-08-2024,FALSE,2024-07,58,17,1,480,1
QF1471,04-07-2024 00:00,Corporate Trainer,Basic,15-08-2024,TRUE,2024-07,58,16,1,480,1
QF1472,04-07-2024 00:00,High School Teacher,Free,27-08-2024,FALSE,2024-07,58,16,1,480,1
QF1473,04-07-2024 00:00,Language Instructor,Pro,10-08-2024,TRUE,2024-07,58,21,5,480,1
QF1474,05-07-2024 00:00,High School Teacher,Free,07-08-2024,FALSE,2024-07,57,16,1,479,1
QF1475,05-07-2024 00:00,University Professor,Enterprise,05-08-2024,TRUE,2024-07,57,26,8,479,0
QF1476,05-07-2024 00:00,Corporate Trainer,Free,09-08-2024,FALSE,2024-07,57,8,0,479,1
QF1477,05-07-2024 00:00,K-12 Tutor,Basic,11-08-2024,TRUE,2024-07,57,20,5,479,1
QF1478,05-07-2024 00:00,High School Teacher,Enterprise,15-08-2024,TRUE,2024-07,57,16,11,479,0
QF1479,06-07-2024 00:00,University Professor,Basic,24-08-2024,TRUE,2024-07,56,7,2,478,1
QF1480,06-07-2024 00:00,University Professor,Basic,26-08-2024,FALSE,2024-07,56,4,3,478,1
QF1481,06-07-2024 00:00,Content Creator,Free,01-08-2024,FALSE,2024-07,56,2,4,478,1
QF1482,06-07-2024 00:00,K-12 Tutor,Free,04-08-2024,FALSE,2024-07,56,13,1,478,1
QF1483,06-07-2024 00:00,STEM Educator,Free,17-08-2024,FALSE,2024-07,56,26,2,478,1
QF1484,06-07-2024 00:00,High School Teacher,Pro,26-08-2024,TRUE,2024-07,56,5,3,478,1
QF1485,06-07-2024 00:00,Corporate Trainer,Basic,13-08-2024,TRUE,2024-07,56,18,9,478,0
QF1486,07-07-2024 00:00,University Professor,Pro,19-08-2024,FALSE,2024-07,55,27,2,477,1
QF1487,08-07-2024 00:00,K-12 Tutor,Basic,03-09-2024,TRUE,2024-07,54,30,2,476,1
QF1488,08-07-2024 00:00,High School Teacher,Basic,12-08-2024,TRUE,2024-07,54,19,6,476,1
QF1489,08-07-2024 00:00,High School Teacher,Basic,11-08-2024,TRUE,2024-07,54,20,7,476,1
QF1490,09-07-2024 00:00,Language Instructor,Basic,13-09-2024,TRUE,2024-07,53,16,2,475,1
QF1491,09-07-2024 00:00,University Professor,Basic,30-09-2024,FALSE,2024-07,53,21,1,475,1
QF1492,09-07-2024 00:00,Corporate Trainer,Free,30-09-2024,FALSE,2024-07,53,15,1,475,1
QF1493,09-07-2024 00:00,K-12 Tutor,Basic,10-09-2024,TRUE,2024-07,53,2,1,475,1
QF1494,09-07-2024 00:00,Language Instructor,Enterprise,26-09-2024,TRUE,2024-07,53,15,14,475,0
QF1495,09-07-2024 00:00,HR Professional,Free,20-09-2024,FALSE,2024-07,53,4,2,475,1
QF1496,09-07-2024 00:00,High School Teacher,Pro,21-09-2024,TRUE,2024-07,53,10,7,475,1
QF1497,09-07-2024 00:00,High School Teacher,Pro,16-09-2024,TRUE,2024-07,53,2,5,475,1
QF1498,09-07-2024 00:00,Corporate Trainer,Free,20-09-2024,TRUE,2024-07,53,24,2,475,1
QF1499,09-07-2024 00:00,High School Teacher,Basic,04-10-2024,TRUE,2024-07,53,28,2,475,1
QF1500,09-07-2024 00:00,University Professor,Free,27-09-2024,FALSE,2024-07,53,25,1,475,1
QF1501,10-07-2024 00:00,STEM Educator,Free,18-10-2024,FALSE,2024-07,52,24,1,474,1
QF1502,10-07-2024 00:00,Corporate Trainer,Free,19-10-2024,FALSE,2024-07,52,3,2,474,1
QF1503,10-07-2024 00:00,HR Professional,Pro,15-10-2024,FALSE,2024-07,52,9,5,474,1
QF1504,10-07-2024 00:00,K-12 Tutor,Pro,15-10-2024,TRUE,2024-07,52,28,4,474,1
QF1505,10-07-2024 00:00,Corporate Trainer,Basic,14-10-2024,FALSE,2024-07,52,24,1,474,1
QF1506,10-07-2024 00:00,HR Professional,Enterprise,31-10-2024,TRUE,2024-07,52,22,4,474,1
QF1507,10-07-2024 00:00,High School Teacher,Basic,23-10-2024,FALSE,2024-07,52,5,3,474,1
QF1508,10-07-2024 00:00,University Professor,Free,15-10-2024,FALSE,2024-07,52,22,2,474,1
QF1509,10-07-2024 00:00,K-12 Tutor,Basic,24-10-2024,FALSE,2024-07,52,23,11,474,0
QF1510,11-07-2024 00:00,Language Instructor,Free,14-11-2024,TRUE,2024-07,51,24,4,473,1
QF1511,11-07-2024 00:00,Language Instructor,Free,16-11-2024,TRUE,2024-07,51,13,2,473,1
QF1512,11-07-2024 00:00,High School Teacher,Basic,19-11-2024,TRUE,2024-07,51,16,2,473,1
QF1513,11-07-2024 00:00,STEM Educator,Free,23-11-2024,TRUE,2024-07,51,16,1,473,1
QF1514,11-07-2024 00:00,K-12 Tutor,Free,02-12-2024,FALSE,2024-07,51,16,2,473,1
QF1515,11-07-2024 00:00,Corporate Trainer,Basic,06-12-2024,TRUE,2024-07,51,5,1,473,1
QF1516,11-07-2024 00:00,High School Teacher,Free,15-11-2024,FALSE,2024-07,51,7,1,473,1
QF1517,12-07-2024 00:00,Language Instructor,Pro,23-12-2024,FALSE,2024-07,50,9,5,472,1
QF1518,12-07-2024 00:00,High School Teacher,Free,30-12-2024,FALSE,2024-07,50,2,1,472,1
QF1519,12-07-2024 00:00,Corporate Trainer,Basic,13-12-2024,FALSE,2024-07,50,12,1,472,1
QF1520,12-07-2024 00:00,High School Teacher,Free,21-12-2024,FALSE,2024-07,50,23,0,472,1
QF1521,12-07-2024 00:00,University Professor,Pro,17-12-2024,TRUE,2024-07,50,1,6,472,1
QF1522,12-07-2024 00:00,K-12 Tutor,Basic,25-12-2024,TRUE,2024-07,50,8,1,472,1
QF1523,12-07-2024 00:00,Corporate Trainer,Enterprise,25-12-2024,FALSE,2024-07,50,27,17,472,0
QF1524,12-07-2024 00:00,Content Creator,Free,25-12-2024,TRUE,2024-07,50,22,0,472,1
QF1525,25-03-2024 10:11,Corporate Trainer,Free,22-08-2024,TRUE,2024-07,49,9,1,364,2
QF1526,18-03-2024 08:30,University Professor,Free,19-08-2024,FALSE,2024-07,49,18,1,345,2
QF1527,21-07-2024 00:05,High School Teacher,Basic,19-08-2024,TRUE,2024-07,49,12,2,340,2
QF1528,30-06-2024 15:09,University Professor,Free,15-08-2024,FALSE,2024-07,49,21,1,376,2
QF1529,04-11-2024 00:00,High School Teacher,Basic,05-08-2024,FALSE,2024-07,49,6,6,357,1
QF1530,23-06-2024 03:18,STEM Educator,Free,02-08-2024,FALSE,2024-07,49,16,2,366,2
QF1531,02-05-2024 11:21,Corporate Trainer,Pro,30-08-2024,FALSE,2024-07,49,13,4,531,2
QF1532,01-08-2024 20:02,University Professor,Basic,08-08-2024,TRUE,2024-07,49,23,2,503,2
QF1533,04-05-2024 03:56,High School Teacher,Basic,09-08-2024,FALSE,2024-07,49,20,4,613,2
QF1534,03-10-2024 23:43,STEM Educator,Enterprise,01-08-2024,TRUE,2024-07,49,30,13,401,0
QF1535,06-10-2024 16:09,High School Teacher,Free,13-08-2024,FALSE,2024-07,49,28,1,601,2
QF1536,09-04-2024 00:00,STEM Educator,Free,07-08-2024,FALSE,2024-07,48,4,1,566,1
QF1537,27-02-2024 04:29,High School Teacher,Pro,02-08-2024,TRUE,2024-07,48,29,5,653,2
QF1538,11-12-2024 00:00,High School Teacher,Free,29-08-2024,TRUE,2024-07,48,2,3,320,1
QF1539,07-02-2024 00:00,K-12 Tutor,Pro,26-08-2024,FALSE,2024-07,48,3,4,628,1
QF1540,03-01-2024 00:00,High School Teacher,Free,15-08-2024,FALSE,2024-07,48,27,1,663,1
QF1541,25-06-2024 01:11,HR Professional,Free,23-08-2024,FALSE,2024-07,48,4,1,399,2
QF1542,16-01-2024 12:39,Language Instructor,Free,13-08-2024,TRUE,2024-07,48,18,1,585,2
QF1543,17-02-2024 20:39,K-12 Tutor,Free,16-08-2024,FALSE,2024-07,47,24,1,366,2
QF1544,02-12-2024 11:14,High School Teacher,Free,20-08-2024,TRUE,2024-07,47,11,1,490,2
QF1545,15-08-2024 23:36,University Professor,Free,04-08-2024,FALSE,2024-07,47,23,1,459,2
QF1546,06-06-2024 00:00,Corporate Trainer,Free,23-08-2024,FALSE,2024-07,47,1,2,508,1
QF1547,10-12-2024 00:00,STEM Educator,Free,16-08-2024,FALSE,2024-07,47,2,1,321,1
QF1548,30-06-2024 12:01,High School Teacher,Pro,13-08-2024,TRUE,2024-07,47,18,18,397,0
QF1549,28-06-2024 16:47,Content Creator,Free,15-08-2024,FALSE,2024-07,47,6,1,598,2
QF1550,21-06-2024 22:37,University Professor,Basic,14-08-2024,FALSE,2024-07,46,14,2,556,2
QF1551,10-01-2024 14:50,Corporate Trainer,Pro,14-08-2024,TRUE,2024-07,46,17,2,456,2
QF1552,11-10-2024 00:00,Language Instructor,Basic,14-08-2024,TRUE,2024-07,46,17,3,381,1
QF1553,08-03-2024 00:00,K-12 Tutor,Free,24-08-2024,TRUE,2024-07,46,7,1,598,1
QF1554,17-11-2024 17:31,Content Creator,Basic,20-08-2024,TRUE,2024-07,46,11,2,531,2
QF1555,18-07-2024 17:01,High School Teacher,Free,22-08-2024,FALSE,2024-07,46,19,0,393,2
QF1556,11-12-2024 00:00,STEM Educator,Free,22-08-2024,FALSE,2024-07,46,17,1,320,1
QF1557,16-06-2024 04:15,Content Creator,Basic,10-08-2024,TRUE,2024-07,46,21,9,456,0
QF1558,10-04-2024 19:43,HR Professional,Basic,02-08-2024,TRUE,2024-07,46,29,3,498,2
QF1559,07-09-2024 00:00,High School Teacher,Basic,18-08-2024,FALSE,2024-07,45,2,5,415,1
QF1560,03-12-2024 00:00,Corporate Trainer,Pro,03-08-2024,TRUE,2024-07,45,28,7,328,1
QF1561,08-06-2024 22:39,STEM Educator,Basic,01-08-2024,TRUE,2024-07,45,30,1,473,2
QF1562,07-10-2024 05:06,Corporate Trainer,Basic,18-08-2024,TRUE,2024-07,45,13,6,377,2
QF1563,09-01-2024 00:00,Corporate Trainer,Basic,18-08-2024,FALSE,2024-07,45,6,1,657,1
QF1564,12-05-2024 07:47,K-12 Tutor,Free,24-08-2024,TRUE,2024-07,45,7,1,608,2
QF1565,10-02-2024 00:00,Corporate Trainer,Basic,27-08-2024,FALSE,2024-07,45,28,1,625,1
QF1566,11-10-2024 00:00,Corporate Trainer,Pro,22-08-2024,TRUE,2024-07,45,9,4,381,1
QF1567,09-08-2024 20:57,STEM Educator,Basic,19-08-2024,TRUE,2024-07,45,12,2,337,2
QF1568,13-11-2024 16:48,HR Professional,Free,19-08-2024,FALSE,2024-07,44,16,3,498,2
QF1569,30-05-2024 15:38,Corporate Trainer,Free,09-08-2024,FALSE,2024-07,44,12,0,627,2
QF1570,07-06-2024 00:00,High School Teacher,Pro,14-08-2024,TRUE,2024-07,44,17,2,507,1
QF1571,06-01-2024 01:39,Corporate Trainer,Pro,05-08-2024,TRUE,2024-07,44,26,6,437,2
QF1572,10-01-2024 00:00,High School Teacher,Free,26-08-2024,FALSE,2024-07,44,25,3,656,1
QF1573,07-06-2024 00:00,High School Teacher,Free,05-08-2024,FALSE,2024-07,44,28,5,507,1
QF1574,25-01-2024 01:53,Content Creator,Free,23-08-2024,TRUE,2024-07,43,8,1,634,2
QF1575,12-04-2024 00:00,University Professor,Enterprise,09-08-2024,TRUE,2024-07,43,22,10,563,0
QF1576,01-04-2024 00:00,Language Instructor,Basic,16-08-2024,TRUE,2024-07,43,15,7,574,1
QF1577,13-03-2024 15:00,STEM Educator,Free,24-08-2024,FALSE,2024-07,43,17,1,415,2
QF1578,07-11-2024 21:35,K-12 Tutor,Pro,05-08-2024,FALSE,2024-07,43,23,6,549,2
QF1579,23-09-2024 21:37,K-12 Tutor,Pro,30-08-2024,TRUE,2024-07,43,1,4,660,2
QF1580,10-11-2024 00:00,K-12 Tutor,Pro,03-08-2024,TRUE,2024-07,42,28,3,351,1
QF1581,03-11-2024 12:09,University Professor,Free,16-08-2024,FALSE,2024-07,42,3,4,558,2
QF1582,05-03-2024 00:00,Content Creator,Basic,14-08-2024,TRUE,2024-07,42,17,5,601,1
QF1583,27-08-2024 09:54,STEM Educator,Free,03-08-2024,FALSE,2024-07,42,24,1,516,2
QF1584,15-01-2024 18:44,Content Creator,Free,14-08-2024,FALSE,2024-07,42,7,1,504,2
QF1585,04-07-2024 03:16,High School Teacher,Free,30-08-2024,FALSE,2024-07,42,15,3,424,2
QF1586,16-04-2024 03:16,Language Instructor,Free,01-08-2024,FALSE,2024-07,42,20,5,473,2
QF1587,06-08-2024 00:00,University Professor,Enterprise,07-08-2024,TRUE,2024-07,42,24,13,447,0
QF1588,19-08-2024 23:32,Content Creator,Pro,12-08-2024,TRUE,2024-07,41,19,9,417,0
QF1589,04-05-2024 19:22,Content Creator,Basic,11-08-2024,TRUE,2024-07,41,20,4,588,2
QF1590,03-08-2024 16:20,Corporate Trainer,Pro,28-08-2024,TRUE,2024-07,41,3,16,637,0
QF1591,20-07-2024 18:17,Content Creator,Free,07-08-2024,FALSE,2024-07,41,9,3,343,2
QF1592,01-08-2024 00:00,High School Teacher,Free,09-08-2024,TRUE,2024-07,41,22,2,452,1
QF1593,04-11-2024 00:00,University Professor,Free,19-08-2024,TRUE,2024-07,41,12,3,357,1
QF1594,12-07-2024 00:00,K-12 Tutor,Free,03-08-2024,FALSE,2024-07,41,27,3,472,1
QF1595,17-11-2024 20:09,K-12 Tutor,Basic,26-08-2024,TRUE,2024-07,41,5,3,445,2
QF1596,10-03-2024 00:00,University Professor,Enterprise,10-08-2024,TRUE,2024-07,41,21,21,596,0
QF1597,12-10-2024 11:27,HR Professional,Basic,29-08-2024,TRUE,2024-07,40,2,7,510,2
QF1598,05-04-2024 00:00,STEM Educator,Basic,11-08-2024,TRUE,2024-07,40,20,3,570,1
QF1599,04-05-2024 00:00,Content Creator,Basic,02-08-2024,TRUE,2024-07,40,29,1,541,1
QF1600,30-07-2024 01:37,Corporate Trainer,Pro,12-08-2024,TRUE,2024-07,40,19,4,413,2
QF1601,02-11-2024 00:00,University Professor,Free,28-08-2024,FALSE,2024-07,40,3,0,359,1
QF1602,04-10-2024 00:00,High School Teacher,Pro,15-08-2024,TRUE,2024-07,40,16,7,388,1
QF1603,12-04-2024 00:00,K-12 Tutor,Free,09-08-2024,FALSE,2024-07,40,8,0,563,1
QF1604,09-06-2024 00:00,Content Creator,Free,29-08-2024,FALSE,2024-07,40,20,5,505,1
QF1605,10-02-2024 00:00,Language Instructor,Pro,05-08-2024,TRUE,2024-07,40,26,4,625,1
QF1606,15-02-2024 07:33,Language Instructor,Enterprise,22-08-2024,FALSE,2024-07,40,19,16,640,0
QF1607,25-06-2024 14:25,University Professor,Enterprise,14-08-2024,TRUE,2024-07,40,17,11,628,0
QF1608,15-04-2024 22:27,University Professor,Free,15-08-2024,TRUE,2024-07,40,16,2,662,2
QF1609,01-08-2024 00:00,Corporate Trainer,Free,13-08-2024,TRUE,2024-07,40,18,2,452,1
QF1610,20-09-2024 10:14,University Professor,Basic,22-08-2024,TRUE,2024-07,40,9,2,524,2
QF1611,11-02-2024 00:00,HR Professional,Enterprise,02-08-2024,FALSE,2024-07,39,28,5,624,1
QF1612,01-11-2024 00:00,STEM Educator,Basic,14-08-2024,TRUE,2024-07,39,17,6,360,1
QF1613,30-01-2024 23:51,Corporate Trainer,Basic,24-08-2024,TRUE,2024-07,39,7,1,357,2
QF1614,06-08-2024 00:00,Content Creator,Free,17-08-2024,TRUE,2024-07,39,14,2,447,1
QF1615,22-04-2024 14:40,Corporate Trainer,Pro,19-08-2024,TRUE,2024-07,39,12,3,660,2
QF1616,11-04-2024 00:00,HR Professional,Free,05-08-2024,FALSE,2024-07,39,18,2,564,1
QF1617,04-05-2024 03:28,High School Teacher,Basic,18-08-2024,TRUE,2024-07,38,13,3,654,2
QF1618,18-05-2024 05:08,Corporate Trainer,Basic,19-08-2024,TRUE,2024-07,38,12,2,353,2
QF1619,21-01-2024 00:53,Content Creator,Free,27-08-2024,TRUE,2024-07,38,4,0,377,2
QF1620,22-07-2024 01:56,University Professor,Basic,04-08-2024,TRUE,2024-07,38,27,2,394,2
QF1621,18-10-2024 22:23,STEM Educator,Free,18-08-2024,FALSE,2024-07,38,13,3,664,2
QF1622,02-12-2024 00:00,K-12 Tutor,Free,12-08-2024,FALSE,2024-07,38,7,2,329,1
QF1623,20-08-2024 00:28,HR Professional,Basic,24-08-2024,FALSE,2024-07,38,20,5,655,2
QF1624,15-11-2024 10:47,K-12 Tutor,Basic,16-08-2024,TRUE,2024-07,38,15,4,359,2
QF1625,16-08-2024 05:33,University Professor,Basic,15-08-2024,TRUE,2024-07,38,16,4,430,2
QF1626,05-09-2024 00:00,University Professor,Pro,10-08-2024,FALSE,2024-07,38,27,5,417,1
QF1627,15-02-2024 06:25,Content Creator,Free,28-08-2024,TRUE,2024-07,37,3,2,357,2
QF1628,25-02-2024 22:52,HR Professional,Free,21-08-2024,TRUE,2024-07,37,10,5,418,2
QF1629,30-10-2024 00:34,K-12 Tutor,Pro,06-08-2024,TRUE,2024-07,37,25,5,604,2
QF1630,03-05-2024 00:00,Corporate Trainer,Free,15-08-2024,FALSE,2024-07,37,6,4,542,1
QF1631,06-12-2024 00:00,K-12 Tutor,Basic,02-08-2024,FALSE,2024-07,37,16,1,325,1
QF1632,06-04-2024 00:00,Corporate Trainer,Basic,08-08-2024,FALSE,2024-07,37,25,3,569,1
QF1633,07-11-2024 00:00,K-12 Tutor,Pro,07-08-2024,TRUE,2024-07,37,24,4,354,1
QF1634,20-10-2024 16:11,Corporate Trainer,Basic,23-08-2024,TRUE,2024-07,37,8,4,396,2
QF1635,11-04-2024 00:00,Corporate Trainer,Free,09-08-2024,FALSE,2024-07,37,20,1,564,1
QF1636,14-10-2024 17:02,High School Teacher,Pro,23-08-2024,TRUE,2024-07,36,8,8,505,2
QF1637,04-07-2024 00:00,High School Teacher,Basic,17-08-2024,TRUE,2024-07,36,14,1,480,1
QF1638,18-05-2024 10:21,University Professor,Free,07-08-2024,FALSE,2024-07,36,9,1,522,2
QF1639,09-08-2024 01:59,Content Creator,Free,07-08-2024,FALSE,2024-07,36,1,3,430,2
QF1640,25-02-2024 11:04,STEM Educator,Free,21-08-2024,TRUE,2024-07,36,10,2,567,2
QF1641,03-10-2024 00:00,K-12 Tutor,Basic,06-08-2024,FALSE,2024-07,36,21,3,389,1
QF1642,03-07-2024 00:00,University Professor,Pro,13-08-2024,TRUE,2024-07,36,18,5,481,1
QF1643,06-08-2024 00:00,High School Teacher,Free,14-08-2024,FALSE,2024-07,36,12,4,447,1
QF1644,25-07-2024 11:27,High School Teacher,Enterprise,16-08-2024,TRUE,2024-07,36,15,12,403,0
QF1645,15-01-2024 13:28,University Professor,Pro,18-08-2024,TRUE,2024-07,36,13,7,602,2
QF1646,02-08-2024 00:00,University Professor,Basic,30-08-2024,FALSE,2024-07,36,27,4,451,1
QF1647,06-01-2024 16:00,High School Teacher,Basic,08-08-2024,TRUE,2024-07,35,23,2,540,2
QF1648,08-09-2024 00:00,Language Instructor,Pro,09-08-2024,TRUE,2024-07,35,22,6,414,1
QF1649,10-11-2024 00:00,HR Professional,Basic,02-08-2024,TRUE,2024-07,35,29,2,351,1
QF1650,23-10-2024 20:33,High School Teacher,Free,25-08-2024,FALSE,2024-07,35,3,1,491,2
QF1651,10-04-2024 12:06,High School Teacher,Basic,08-08-2024,FALSE,2024-07,35,23,2,624,2
QF1652,17-10-2024 20:00,K-12 Tutor,Basic,04-08-2024,TRUE,2024-07,35,27,1,370,2
QF1653,01-08-2024 00:00,K-12 Tutor,Free,15-08-2024,TRUE,2024-07,35,16,2,452,1
QF1654,04-07-2024 23:55,K-12 Tutor,Pro,21-08-2024,TRUE,2024-07,35,10,5,630,2
QF1655,01-04-2024 03:36,HR Professional,Free,04-08-2024,FALSE,2024-07,35,23,3,384,2
QF1656,09-04-2024 00:00,Corporate Trainer,Free,18-08-2024,FALSE,2024-07,35,24,2,566,1
QF1657,05-02-2024 21:52,Corporate Trainer,Enterprise,05-08-2024,TRUE,2024-07,35,26,10,530,0
QF1658,05-05-2024 00:00,Content Creator,Basic,01-08-2024,FALSE,2024-07,35,28,2,540,1
QF1659,11-05-2024 00:00,Corporate Trainer,Basic,03-08-2024,TRUE,2024-07,34,28,5,534,1
QF1660,08-04-2024 11:11,K-12 Tutor,Pro,13-08-2024,FALSE,2024-07,34,12,5,594,2
QF1661,04-03-2024 00:00,K-12 Tutor,Free,09-08-2024,FALSE,2024-07,34,1,2,602,1
QF1662,15-08-2024 14:51,High School Teacher,Free,11-08-2024,TRUE,2024-07,34,20,2,390,2
QF1663,03-10-2024 00:00,High School Teacher,Basic,18-08-2024,TRUE,2024-07,34,13,7,389,1
QF1664,08-04-2024 09:35,K-12 Tutor,Basic,24-08-2024,TRUE,2024-07,34,7,2,324,2
QF1665,28-05-2024 12:02,K-12 Tutor,Basic,28-08-2024,FALSE,2024-07,34,10,5,486,2
QF1666,04-11-2024 07:37,Content Creator,Pro,25-08-2024,FALSE,2024-07,34,12,5,364,2
QF1667,03-08-2024 14:02,HR Professional,Pro,23-08-2024,TRUE,2024-07,34,8,4,332,2
QF1668,07-05-2024 00:00,University Professor,Enterprise,17-08-2024,FALSE,2024-07,33,25,16,538,0
QF1669,06-02-2024 00:00,University Professor,Pro,25-08-2024,TRUE,2024-07,33,6,3,629,1
QF1670,01-06-2024 16:55,HR Professional,Free,11-08-2024,FALSE,2024-07,33,19,3,568,2
QF1671,09-06-2024 00:00,High School Teacher,Pro,17-08-2024,FALSE,2024-07,33,22,4,505,1
QF1672,02-04-2024 00:00,STEM Educator,Free,06-08-2024,FALSE,2024-07,33,5,1,573,1
QF1673,26-07-2024 05:55,STEM Educator,Enterprise,19-08-2024,TRUE,2024-07,33,12,10,664,0
QF1674,18-10-2024 18:48,High School Teacher,Free,17-08-2024,FALSE,2024-07,33,30,2,613,2
QF1675,07-06-2024 21:23,University Professor,Enterprise,05-08-2024,TRUE,2024-07,32,26,20,549,0
QF1676,04-03-2024 04:48,High School Teacher,Enterprise,18-08-2024,TRUE,2024-07,32,13,14,428,0
QF1677,07-02-2024 00:00,High School Teacher,Free,16-08-2024,FALSE,2024-07,32,4,3,628,1
QF1678,05-04-2024 00:00,HR Professional,Basic,02-08-2024,TRUE,2024-07,32,29,7,570,1
QF1679,12-11-2024 02:35,STEM Educator,Basic,03-08-2024,TRUE,2024-07,32,28,2,659,2
QF1680,08-05-2024 00:00,High School Teacher,Pro,29-08-2024,TRUE,2024-07,32,2,5,537,1
QF1681,12-01-2024 11:53,Content Creator,Free,20-08-2024,FALSE,2024-07,32,1,5,472,2
QF1682,06-12-2024 00:00,Content Creator,Free,04-08-2024,TRUE,2024-07,32,27,0,325,1
QF1683,24-05-2024 02:25,High School Teacher,Basic,21-08-2024,TRUE,2024-07,32,10,2,591,2
QF1684,01-10-2024 00:47,Content Creator,Free,04-08-2024,TRUE,2024-07,32,27,1,463,2
QF1685,10-09-2024 00:00,K-12 Tutor,Pro,18-08-2024,FALSE,2024-07,31,10,2,412,1
QF1686,17-05-2024 08:30,HR Professional,Pro,20-08-2024,FALSE,2024-07,31,27,5,605,2
QF1687,09-02-2024 06:46,High School Teacher,Basic,08-08-2024,FALSE,2024-07,31,25,2,529,2
QF1688,12-04-2024 00:00,High School Teacher,Pro,22-08-2024,TRUE,2024-07,31,9,3,563,1
QF1689,08-11-2024 01:53,Corporate Trainer,Basic,04-08-2024,TRUE,2024-07,31,27,4,611,2
QF1690,30-05-2024 15:43,High School Teacher,Free,10-08-2024,FALSE,2024-07,31,24,1,538,2
QF1691,19-08-2024 12:51,STEM Educator,Basic,04-08-2024,FALSE,2024-07,31,9,2,382,2
QF1692,26-07-2024 15:58,K-12 Tutor,Basic,07-08-2024,TRUE,2024-07,31,24,1,460,2
QF1693,01-08-2024 00:00,High School Teacher,Free,03-08-2024,FALSE,2024-08,30,5,2,452,1
QF1694,01-08-2024 00:00,HR Professional,Enterprise,05-08-2024,TRUE,2024-08,30,26,10,452,0
QF1695,01-08-2024 00:00,High School Teacher,Basic,14-08-2024,FALSE,2024-08,30,15,1,452,1
QF1696,01-08-2024 00:00,University Professor,Basic,16-08-2024,TRUE,2024-08,30,15,7,452,1
QF1697,01-08-2024 00:00,HR Professional,Pro,23-08-2024,TRUE,2024-08,30,8,10,452,0
QF1698,01-08-2024 00:00,Corporate Trainer,Basic,05-08-2024,TRUE,2024-08,30,26,2,452,1
QF1699,02-08-2024 00:00,High School Teacher,Basic,11-08-2024,FALSE,2024-08,29,26,1,451,1
QF1700,02-08-2024 00:00,K-12 Tutor,Basic,02-08-2024,TRUE,2024-08,29,29,4,451,1
QF1701,02-08-2024 00:00,High School Teacher,Basic,30-08-2024,FALSE,2024-08,29,25,4,451,1
QF1702,02-08-2024 00:00,Corporate Trainer,Pro,26-08-2024,TRUE,2024-08,29,5,8,451,0
QF1703,02-08-2024 00:00,High School Teacher,Free,02-08-2024,FALSE,2024-08,29,6,1,451,1
QF1704,03-08-2024 00:00,K-12 Tutor,Free,02-08-2024,FALSE,2024-08,28,8,3,450,1
QF1705,03-08-2024 00:00,Content Creator,Pro,24-08-2024,TRUE,2024-08,28,7,6,450,1
QF1706,03-08-2024 00:00,Corporate Trainer,Free,02-08-2024,FALSE,2024-08,28,6,2,450,1
QF1707,03-08-2024 00:00,HR Professional,Enterprise,20-08-2024,FALSE,2024-08,28,11,12,450,0
QF1708,03-08-2024 00:00,Corporate Trainer,Basic,21-08-2024,TRUE,2024-08,28,10,3,450,1
QF1709,03-08-2024 00:00,University Professor,Free,03-08-2024,FALSE,2024-08,28,6,1,450,1
QF1710,03-08-2024 00:00,Corporate Trainer,Basic,04-08-2024,TRUE,2024-08,28,27,2,450,1
QF1711,03-08-2024 00:00,University Professor,Free,10-08-2024,TRUE,2024-08,28,21,1,450,1
QF1712,03-08-2024 00:00,Corporate Trainer,Pro,26-08-2024,TRUE,2024-08,28,5,6,450,1
QF1713,03-08-2024 00:00,High School Teacher,Basic,12-08-2024,TRUE,2024-08,28,19,3,450,1
QF1714,03-08-2024 00:00,High School Teacher,Basic,10-08-2024,TRUE,2024-08,28,21,3,450,1
QF1715,03-08-2024 00:00,K-12 Tutor,Free,17-08-2024,FALSE,2024-08,28,30,1,450,1
QF1716,04-08-2024 00:00,STEM Educator,Pro,23-08-2024,TRUE,2024-08,27,8,10,449,0
QF1717,04-08-2024 00:00,University Professor,Free,21-08-2024,FALSE,2024-08,27,30,1,449,1
QF1718,04-08-2024 00:00,High School Teacher,Free,14-08-2024,TRUE,2024-08,27,17,1,449,1
QF1719,04-08-2024 00:00,Language Instructor,Basic,29-08-2024,FALSE,2024-08,27,17,9,449,0
QF1720,04-08-2024 00:00,Language Instructor,Basic,05-08-2024,TRUE,2024-08,27,26,3,449,1
QF1721,04-08-2024 00:00,High School Teacher,Basic,21-08-2024,FALSE,2024-08,27,23,2,449,1
QF1722,04-08-2024 00:00,Corporate Trainer,Basic,27-08-2024,FALSE,2024-08,27,20,2,449,1
QF1723,05-08-2024 00:00,High School Teacher,Pro,17-08-2024,FALSE,2024-08,26,25,2,448,1
QF1724,05-08-2024 00:00,Corporate Trainer,Free,23-08-2024,FALSE,2024-08,26,6,2,448,1
QF1725,05-08-2024 00:00,High School Teacher,Free,29-08-2024,FALSE,2024-08,26,13,1,448,1
QF1726,05-08-2024 00:00,HR Professional,Pro,11-08-2024,FALSE,2024-08,26,24,9,448,0
QF1727,05-08-2024 00:00,High School Teacher,Basic,06-08-2024,TRUE,2024-08,26,25,3,448,1
QF1728,05-08-2024 00:00,Content Creator,Free,16-08-2024,FALSE,2024-08,26,4,2,448,1
QF1729,05-08-2024 00:00,University Professor,Basic,20-08-2024,TRUE,2024-08,26,11,6,448,1
QF1730,05-08-2024 00:00,High School Teacher,Free,18-08-2024,FALSE,2024-08,26,7,2,448,1
QF1731,05-08-2024 00:00,Content Creator,Free,06-08-2024,FALSE,2024-08,26,8,1,448,1
QF1732,06-08-2024 00:00,K-12 Tutor,Free,19-08-2024,FALSE,2024-08,25,27,2,447,1
QF1733,06-08-2024 00:00,University Professor,Pro,30-08-2024,TRUE,2024-08,25,1,7,447,1
QF1734,06-08-2024 00:00,HR Professional,Pro,30-08-2024,TRUE,2024-08,25,1,2,447,1
QF1735,06-08-2024 00:00,Corporate Trainer,Pro,15-08-2024,TRUE,2024-08,25,16,6,447,1
QF1736,06-08-2024 00:00,High School Teacher,Pro,22-08-2024,FALSE,2024-08,25,2,6,447,1
QF1737,06-08-2024 00:00,Corporate Trainer,Free,26-08-2024,FALSE,2024-08,25,15,1,447,1
QF1738,06-08-2024 00:00,Corporate Trainer,Basic,11-08-2024,TRUE,2024-08,25,20,4,447,1
QF1739,06-08-2024 00:00,University Professor,Basic,03-08-2024,FALSE,2024-08,25,16,2,447,1
QF1740,06-08-2024 00:00,HR Professional,Basic,29-08-2024,FALSE,2024-08,25,12,2,447,1
QF1741,07-08-2024 00:00,HR Professional,Pro,26-08-2024,TRUE,2024-08,24,5,7,446,1
QF1742,07-08-2024 00:00,Content Creator,Free,23-08-2024,FALSE,2024-08,24,23,2,446,1
QF1743,07-08-2024 00:00,University Professor,Basic,02-08-2024,FALSE,2024-08,24,29,4,446,1
QF1744,07-08-2024 00:00,K-12 Tutor,Basic,19-08-2024,TRUE,2024-08,24,12,7,446,1
QF1745,07-08-2024 00:00,High School Teacher,Basic,08-08-2024,FALSE,2024-08,24,8,2,446,1
QF1746,07-08-2024 00:00,High School Teacher,Basic,30-08-2024,TRUE,2024-08,24,1,5,446,1
QF1747,07-08-2024 00:00,Corporate Trainer,Free,13-08-2024,TRUE,2024-08,24,18,1,446,1
QF1748,07-08-2024 00:00,Corporate Trainer,Free,29-08-2024,FALSE,2024-08,24,14,1,446,1
QF1749,08-08-2024 00:00,High School Teacher,Basic,25-08-2024,TRUE,2024-08,23,6,12,445,0
QF1750,08-08-2024 00:00,High School Teacher,Free,19-08-2024,FALSE,2024-08,23,24,1,445,1
QF1751,08-08-2024 00:00,Corporate Trainer,Free,02-09-2024,FALSE,2024-08,23,6,1,445,1
QF1752,08-08-2024 00:00,University Professor,Basic,16-08-2024,TRUE,2024-08,23,15,2,445,1
QF1753,08-08-2024 00:00,Language Instructor,Free,12-08-2024,FALSE,2024-08,23,25,1,445,1
QF1754,08-08-2024 00:00,Corporate Trainer,Basic,12-08-2024,TRUE,2024-08,23,19,8,445,0
QF1755,08-08-2024 00:00,Language Instructor,Pro,08-08-2024,TRUE,2024-08,23,23,1,445,1
QF1756,08-08-2024 00:00,Content Creator,Pro,11-08-2024,TRUE,2024-08,23,20,7,445,1
QF1757,08-08-2024 00:00,Content Creator,Basic,12-08-2024,TRUE,2024-08,23,19,5,445,1
QF1758,08-08-2024 00:00,Content Creator,Free,26-08-2024,TRUE,2024-08,23,5,1,445,1
QF1759,09-08-2024 00:00,Corporate Trainer,Pro,16-09-2024,FALSE,2024-08,22,20,5,444,1
QF1760,09-08-2024 00:00,Corporate Trainer,Free,25-09-2024,FALSE,2024-08,22,30,4,444,1
QF1761,09-08-2024 00:00,HR Professional,Free,05-10-2024,FALSE,2024-08,22,12,1,444,1
QF1762,09-08-2024 00:00,Language Instructor,Pro,28-09-2024,TRUE,2024-08,22,17,8,444,0
QF1763,09-08-2024 00:00,K-12 Tutor,Enterprise,28-09-2024,TRUE,2024-08,22,4,13,444,0
QF1764,09-08-2024 00:00,Corporate Trainer,Free,01-10-2024,FALSE,2024-08,22,29,3,444,1
QF1765,09-08-2024 00:00,High School Teacher,Basic,20-09-2024,TRUE,2024-08,22,16,9,444,0
QF1766,09-08-2024 00:00,University Professor,Free,12-09-2024,FALSE,2024-08,22,4,1,444,1
QF1767,09-08-2024 00:00,High School Teacher,Basic,05-10-2024,TRUE,2024-08,22,22,6,444,1
QF1768,09-08-2024 00:00,High School Teacher,Pro,13-09-2024,FALSE,2024-08,22,18,6,444,1
QF1769,10-08-2024 00:00,Corporate Trainer,Free,23-10-2024,FALSE,2024-08,21,22,4,443,1
QF1770,10-08-2024 00:00,High School Teacher,Pro,10-10-2024,TRUE,2024-08,21,17,5,443,1
QF1771,10-08-2024 00:00,STEM Educator,Free,25-10-2024,TRUE,2024-08,21,13,4,443,1
QF1772,10-08-2024 00:00,High School Teacher,Free,30-10-2024,FALSE,2024-08,21,9,1,443,1
QF1773,10-08-2024 00:00,HR Professional,Enterprise,10-10-2024,TRUE,2024-08,21,5,12,443,0
QF1774,10-08-2024 00:00,High School Teacher,Basic,03-11-2024,TRUE,2024-08,21,5,6,443,1
QF1775,10-08-2024 00:00,Content Creator,Basic,01-11-2024,TRUE,2024-08,21,20,1,443,1
QF1776,10-08-2024 00:00,Corporate Trainer,Free,16-10-2024,FALSE,2024-08,21,7,4,443,1
QF1777,11-08-2024 00:00,Corporate Trainer,Free,03-12-2024,FALSE,2024-08,20,21,2,442,1
QF1778,11-08-2024 00:00,Content Creator,Pro,09-11-2024,TRUE,2024-08,20,15,5,442,1
QF1779,11-08-2024 00:00,Corporate Trainer,Pro,15-11-2024,TRUE,2024-08,20,7,10,442,0
QF1780,11-08-2024 00:00,High School Teacher,Basic,09-11-2024,TRUE,2024-08,20,10,1,442,1
QF1781,11-08-2024 00:00,University Professor,Pro,17-11-2024,FALSE,2024-08,20,16,2,442,1
QF1782,11-08-2024 00:00,High School Teacher,Free,17-11-2024,FALSE,2024-08,20,13,2,442,1
QF1783,11-08-2024 00:00,High School Teacher,Free,06-12-2024,TRUE,2024-08,20,9,5,442,1
QF1784,12-08-2024 00:00,High School Teacher,Free,18-12-2024,FALSE,2024-08,19,27,1,441,1
QF1785,12-08-2024 00:00,Content Creator,Free,05-01-2025,FALSE,2024-08,19,21,4,441,1
QF1786,12-08-2024 00:00,HR Professional,Pro,05-01-2025,TRUE,2024-08,19,11,5,441,1
QF1787,12-08-2024 00:00,Corporate Trainer,Free,15-12-2024,FALSE,2024-08,19,8,5,441,1
QF1788,12-08-2024 00:00,High School Teacher,Free,04-01-2025,FALSE,2024-08,19,13,3,441,1
QF1789,12-08-2024 00:00,Language Instructor,Pro,26-12-2024,TRUE,2024-08,19,2,4,441,1
QF1790,19-01-2024 09:18,High School Teacher,Pro,30-08-2024,TRUE,2024-08,18,1,1,329,2
QF1791,18-11-2024 21:27,High School Teacher,Free,22-08-2024,FALSE,2024-08,18,22,2,635,2
QF1792,03-01-2024 20:52,University Professor,Basic,15-08-2024,TRUE,2024-08,18,16,1,513,2
QF1793,08-08-2024 00:00,HR Professional,Free,18-08-2024,TRUE,2024-08,18,13,1,445,1
QF1794,04-08-2024 00:00,HR Professional,Basic,11-08-2024,FALSE,2024-08,18,7,2,449,1
QF1795,11-01-2024 09:01,University Professor,Basic,15-08-2024,TRUE,2024-08,18,16,5,417,2
QF1796,21-09-2024 02:35,University Professor,Basic,20-08-2024,TRUE,2024-08,18,11,2,655,2
QF1797,21-09-2024 05:44,Content Creator,Pro,05-08-2024,FALSE,2024-08,18,17,7,629,2
QF1798,12-03-2024 10:51,High School Teacher,Free,21-08-2024,TRUE,2024-08,18,10,3,619,2
QF1799,06-06-2024 00:00,HR Professional,Basic,20-08-2024,TRUE,2024-08,18,11,7,508,1
QF1800,01-03-2024 18:46,Language Instructor,Free,27-08-2024,FALSE,2024-08,18,21,3,460,2
QF1801,28-02-2024 12:23,High School Teacher,Pro,22-08-2024,TRUE,2024-08,18,9,3,647,2
QF1802,08-02-2024 00:00,Corporate Trainer,Pro,26-08-2024,TRUE,2024-08,18,5,8,627,1
QF1803,06-12-2024 00:00,STEM Educator,Free,17-08-2024,FALSE,2024-08,17,5,2,325,1
QF1804,06-08-2024 17:01,High School Teacher,Free,24-08-2024,FALSE,2024-08,17,5,5,407,2
QF1805,10-02-2024 00:00,High School Teacher,Free,15-08-2024,TRUE,2024-08,17,16,1,625,1
QF1806,05-12-2024 22:23,Language Instructor,Free,22-08-2024,FALSE,2024-08,17,23,3,596,2
QF1807,11-06-2024 02:11,Corporate Trainer,Free,22-08-2024,FALSE,2024-08,17,26,2,626,2
QF1808,06-10-2024 00:00,University Professor,Basic,23-08-2024,TRUE,2024-08,17,8,3,386,1
QF1809,20-03-2024 01:29,STEM Educator,Free,02-08-2024,FALSE,2024-08,17,6,1,413,2
QF1810,02-02-2024 00:00,High School Teacher,Free,16-08-2024,TRUE,2024-08,17,15,2,633,1
QF1811,07-11-2024 00:00,University Professor,Pro,28-08-2024,TRUE,2024-08,17,3,4,354,1
QF1812,04-12-2024 00:51,Content Creator,Basic,16-08-2024,TRUE,2024-08,17,15,2,483,2
QF1813,16-08-2024 21:28,High School Teacher,Basic,19-08-2024,TRUE,2024-08,17,12,3,358,2
QF1814,01-11-2024 00:00,STEM Educator,Pro,27-08-2024,TRUE,2024-08,17,4,8,360,0
QF1815,06-08-2024 19:42,High School Teacher,Pro,19-08-2024,TRUE,2024-08,17,12,2,322,2
QF1816,10-03-2024 00:00,Corporate Trainer,Basic,29-08-2024,TRUE,2024-08,17,2,2,596,1
QF1817,04-03-2024 00:00,University Professor,Basic,15-08-2024,TRUE,2024-08,16,16,2,602,1
QF1818,11-06-2024 00:00,University Professor,Free,02-08-2024,FALSE,2024-08,16,29,1,503,1
QF1819,02-08-2024 00:00,K-12 Tutor,Free,30-08-2024,FALSE,2024-08,16,20,1,451,1
QF1820,19-09-2024 21:35,Content Creator,Free,09-08-2024,FALSE,2024-08,16,20,3,350,2
QF1821,11-09-2024 17:42,Language Instructor,Pro,17-08-2024,TRUE,2024-08,16,14,5,378,2
QF1822,15-03-2024 13:46,High School Teacher,Basic,22-08-2024,TRUE,2024-08,16,9,4,512,2
QF1823,04-12-2024 00:00,University Professor,Basic,22-08-2024,FALSE,2024-08,16,11,2,327,1
QF1824,22-10-2024 19:51,High School Teacher,Free,23-08-2024,FALSE,2024-08,16,26,4,591,2
QF1825,28-06-2024 22:28,High School Teacher,Free,28-08-2024,TRUE,2024-08,16,3,3,332,2
QF1826,06-01-2024 00:00,Corporate Trainer,Enterprise,23-08-2024,TRUE,2024-08,16,8,5,660,1
QF1827,02-03-2024 11:51,Corporate Trainer,Basic,25-08-2024,FALSE,2024-08,16,26,2,581,2
QF1828,10-06-2024 00:00,Corporate Trainer,Free,18-08-2024,TRUE,2024-08,16,13,2,504,1
QF1829,01-11-2024 00:00,HR Professional,Pro,16-08-2024,TRUE,2024-08,16,15,4,360,1
QF1830,18-10-2024 21:20,Corporate Trainer,Pro,20-08-2024,TRUE,2024-08,15,11,2,638,2
QF1831,04-03-2024 00:00,Language Instructor,Free,14-08-2024,FALSE,2024-08,15,3,3,602,1
QF1832,03-12-2024 17:19,HR Professional,Basic,24-08-2024,TRUE,2024-08,15,7,3,568,2
QF1833,02-12-2024 00:00,Corporate Trainer,Free,26-08-2024,FALSE,2024-08,15,4,1,329,1
QF1834,26-01-2024 17:48,Corporate Trainer,Basic,29-08-2024,TRUE,2024-08,15,2,4,651,2
QF1835,03-10-2024 14:13,Corporate Trainer,Basic,24-08-2024,FALSE,2024-08,15,7,1,387,2
QF1836,04-06-2024 00:00,High School Teacher,Pro,28-08-2024,TRUE,2024-08,15,3,6,510,1
QF1837,08-09-2024 00:00,Language Instructor,Free,06-08-2024,FALSE,2024-08,15,5,1,414,1
QF1838,03-04-2024 00:00,High School Teacher,Pro,23-08-2024,TRUE,2024-08,14,8,6,572,1
QF1839,21-11-2024 08:21,University Professor,Basic,18-08-2024,TRUE,2024-08,14,13,0,352,2
QF1840,05-02-2024 00:00,High School Teacher,Free,01-08-2024,FALSE,2024-08,14,7,3,630,1
QF1841,07-02-2024 20:56,Corporate Trainer,Pro,20-08-2024,TRUE,2024-08,14,11,3,493,2
QF1842,02-05-2024 23:37,University Professor,Pro,19-08-2024,TRUE,2024-08,14,12,21,417,0
QF1843,06-12-2024 00:00,STEM Educator,Pro,24-08-2024,TRUE,2024-08,14,7,4,325,1
QF1844,20-01-2024 21:46,High School Teacher,Enterprise,23-08-2024,TRUE,2024-08,13,8,12,612,0
QF1845,12-07-2024 00:00,K-12 Tutor,Free,22-08-2024,FALSE,2024-08,13,11,4,472,1
QF1846,17-09-2024 07:10,Corporate Trainer,Basic,26-08-2024,TRUE,2024-08,13,5,2,439,2
QF1847,07-04-2024 00:00,High School Teacher,Basic,13-08-2024,FALSE,2024-08,13,4,4,568,1
QF1848,04-12-2024 02:01,K-12 Tutor,Free,26-08-2024,FALSE,2024-08,13,10,2,407,2
QF1849,07-05-2024 00:00,University Professor,Basic,23-08-2024,TRUE,2024-08,13,8,2,538,1
QF1850,10-10-2024 11:22,Content Creator,Free,21-08-2024,FALSE,2024-08,13,18,2,426,2
QF1851,07-02-2024 13:26,K-12 Tutor,Basic,20-08-2024,TRUE,2024-08,13,11,5,413,2
QF1852,31-08-2024 11:20,University Professor,Basic,16-08-2024,FALSE,2024-08,13,19,1,454,2
QF1853,13-10-2024 06:50,High School Teacher,Enterprise,29-08-2024,TRUE,2024-08,12,2,8,336,2
QF1854,14-09-2024 09:43,High School Teacher,Free,14-08-2024,FALSE,2024-08,12,3,4,433,2
QF1855,09-02-2024 00:00,High School Teacher,Basic,30-08-2024,TRUE,2024-08,12,1,2,626,1
QF1856,27-06-2024 21:13,High School Teacher,Free,20-08-2024,FALSE,2024-08,12,12,3,583,2
QF1857,07-08-2024 00:00,K-12 Tutor,Free,09-08-2024,FALSE,2024-08,12,4,2,446,1
QF1858,19-08-2024 23:49,Language Instructor,Free,05-08-2024,FALSE,2024-08,12,5,1,540,2
QF1859,24-09-2024 22:50,Corporate Trainer,Basic,11-08-2024,FALSE,2024-08,12,18,2,598,2
QF1860,24-09-2024 07:05,K-12 Tutor,Basic,26-08-2024,TRUE,2024-08,12,5,8,410,2
QF1861,26-02-2024 00:10,Content Creator,Free,02-08-2024,FALSE,2024-08,12,8,1,572,2
QF1862,12-03-2024 00:00,High School Teacher,Free,15-08-2024,FALSE,2024-08,12,25,2,594,1
QF1863,24-02-2024 15:42,Corporate Trainer,Basic,29-08-2024,FALSE,2024-08,12,14,2,483,2
QF1864,21-05-2024 02:20,Corporate Trainer,Free,27-08-2024,FALSE,2024-08,11,2,1,337,2
QF1865,11-08-2024 00:00,Corporate Trainer,Basic,23-08-2024,TRUE,2024-08,11,8,1,442,1
QF1866,08-11-2024 21:03,Language Instructor,Pro,21-08-2024,TRUE,2024-08,11,10,8,544,2
QF1867,11-04-2024 00:00,High School Teacher,Free,13-08-2024,FALSE,2024-08,11,24,5,564,1
QF1868,24-06-2024 22:08,High School Teacher,Free,27-08-2024,TRUE,2024-08,11,4,0,461,2
QF1869,07-06-2024 00:17,Corporate Trainer,Basic,23-08-2024,TRUE,2024-08,11,8,3,350,2
QF1870,30-01-2024 09:00,K-12 Tutor,Pro,27-08-2024,TRUE,2024-08,11,4,1,368,2
QF1871,25-09-2024 16:17,HR Professional,Enterprise,21-08-2024,TRUE,2024-08,11,10,6,532,2
QF1872,04-01-2024 00:00,University Professor,Basic,21-08-2024,TRUE,2024-08,11,10,1,662,1
QF1873,04-05-2024 00:00,High School Teacher,Basic,18-08-2024,FALSE,2024-08,11,14,1,541,1
QF1874,04-10-2024 06:03,High School Teacher,Free,15-08-2024,FALSE,2024-08,11,15,1,363,2
QF1875,04-03-2024 00:00,STEM Educator,Basic,08-08-2024,FALSE,2024-08,11,8,1,602,1
QF1876,09-06-2024 19:59,Content Creator,Basic,24-08-2024,TRUE,2024-08,10,7,1,514,2
QF1877,02-08-2024 00:00,Corporate Trainer,Free,29-08-2024,TRUE,2024-08,10,2,2,451,1
QF1878,17-05-2024 16:37,High School Teacher,Basic,26-08-2024,TRUE,2024-08,10,5,1,605,2
QF1879,13-04-2024 02:01,University Professor,Pro,23-08-2024,TRUE,2024-08,10,8,3,577,2
QF1880,12-07-2024 17:43,Content Creator,Free,22-08-2024,TRUE,2024-08,10,9,4,383,2
QF1881,07-04-2024 00:41,STEM Educator,Free,20-08-2024,FALSE,2024-08,10,8,4,568,2
QF1882,04-05-2024 00:00,Corporate Trainer,Pro,28-08-2024,TRUE,2024-08,10,3,3,541,1
QF1883,04-05-2024 00:21,High School Teacher,Basic,04-08-2024,FALSE,2024-08,9,13,4,527,2
QF1884,04-05-2024 00:00,University Professor,Pro,30-08-2024,TRUE,2024-08,9,1,6,541,1
QF1885,24-03-2024 23:55,University Professor,Pro,28-08-2024,TRUE,2024-08,9,3,5,546,2
QF1886,13-03-2024 18:20,University Professor,Basic,30-08-2024,TRUE,2024-08,9,1,5,431,2
QF1887,05-05-2024 00:00,Content Creator,Enterprise,12-08-2024,FALSE,2024-08,9,11,13,540,0
QF1888,09-02-2024 16:18,HR Professional,Pro,29-08-2024,TRUE,2024-08,9,2,5,650,2
QF1889,02-03-2024 00:00,HR Professional,Basic,23-08-2024,TRUE,2024-08,9,8,4,604,1
QF1890,21-01-2024 15:45,High School Teacher,Basic,20-08-2024,FALSE,2024-08,9,25,1,628,2
QF1891,21-08-2024 19:48,High School Teacher,Enterprise,30-08-2024,FALSE,2024-08,9,5,10,450,0
QF1892,05-04-2024 00:00,K-12 Tutor,Free,10-08-2024,FALSE,2024-08,9,12,1,570,1
QF1893,01-09-2024 00:00,High School Teacher,Pro,23-08-2024,TRUE,2024-08,9,8,1,421,1
QF1894,17-06-2024 12:12,High School Teacher,Basic,22-08-2024,TRUE,2024-08,9,9,2,499,2
QF1895,03-01-2024 00:00,University Professor,Pro,29-08-2024,FALSE,2024-08,9,22,4,663,1
QF1896,05-03-2024 00:00,University Professor,Free,16-08-2024,FALSE,2024-08,9,27,2,601,1
QF1897,28-09-2024 00:33,K-12 Tutor,Free,26-08-2024,FALSE,2024-08,9,22,1,335,2
QF1898,10-05-2024 00:00,University Professor,Pro,22-08-2024,TRUE,2024-08,9,9,3,535,1
QF1899,18-06-2024 00:38,Corporate Trainer,Free,25-08-2024,TRUE,2024-08,9,6,1,367,2
QF1900,09-10-2024 20:06,Language Instructor,Free,28-08-2024,TRUE,2024-08,9,3,2,416,2
QF1901,24-01-2024 00:46,K-12 Tutor,Free,19-08-2024,FALSE,2024-08,9,12,2,547,2
QF1902,04-08-2024 00:00,Content Creator,Basic,03-08-2024,FALSE,2024-08,9,20,6,449,1
QF1903,20-10-2024 19:30,High School Teacher,Free,08-08-2024,FALSE,2024-08,9,6,5,462,2
QF1904,05-03-2024 00:00,University Professor,Pro,03-08-2024,FALSE,2024-08,8,18,3,601,1
QF1905,11-11-2024 16:01,University Professor,Pro,02-08-2024,FALSE,2024-08,8,29,10,385,0
QF1906,05-10-2024 09:11,Corporate Trainer,Pro,28-08-2024,TRUE,2024-08,8,3,6,379,2
QF1907,09-11-2024 00:00,High School Teacher,Free,25-08-2024,FALSE,2024-08,8,23,5,352,1
QF1908,04-07-2024 00:00,HR Professional,Free,27-08-2024,TRUE,2024-08,8,4,1,480,1
QF1909,01-12-2024 00:00,High School Teacher,Pro,24-08-2024,TRUE,2024-08,8,7,3,330,1
QF1910,06-11-2024 00:00,Corporate Trainer,Pro,25-08-2024,TRUE,2024-08,8,6,3,355,1
QF1911,25-08-2024 11:14,Corporate Trainer,Enterprise,28-08-2024,TRUE,2024-08,8,3,10,554,0
QF1912,06-07-2024 00:00,K-12 Tutor,Pro,28-08-2024,TRUE,2024-08,8,3,5,478,1
QF1913,15-11-2024 06:25,University Professor,Free,23-08-2024,FALSE,2024-08,8,19,1,364,2
QF1914,31-01-2024 06:09,University Professor,Basic,30-08-2024,TRUE,2024-08,8,1,4,454,2
QF1915,05-07-2024 00:00,High School Teacher,Basic,24-08-2024,TRUE,2024-08,8,7,2,479,1
QF1916,04-09-2024 15:51,K-12 Tutor,Enterprise,26-08-2024,TRUE,2024-08,8,5,12,516,0
QF1917,05-05-2024 22:14,Content Creator,Free,28-08-2024,TRUE,2024-08,7,3,1,332,2
QF1918,24-04-2024 07:58,Corporate Trainer,Free,18-08-2024,FALSE,2024-08,7,17,5,662,2
QF1919,26-05-2024 07:11,Content Creator,Basic,24-08-2024,TRUE,2024-08,7,7,1,413,2
QF1920,06-08-2024 00:00,High School Teacher,Basic,24-08-2024,TRUE,2024-08,7,7,1,447,1
QF1921,28-06-2024 11:16,University Professor,Free,22-08-2024,FALSE,2024-08,7,20,2,438,2
QF1922,26-06-2024 15:24,Corporate Trainer,Pro,02-08-2024,FALSE,2024-08,7,27,3,431,2
QF1923,15-04-2024 09:31,High School Teacher,Pro,28-08-2024,FALSE,2024-08,7,24,7,430,2
QF1924,10-08-2024 00:00,STEM Educator,Free,24-08-2024,FALSE,2024-08,7,16,1,443,1
QF1925,10-05-2024 00:00,K-12 Tutor,Free,05-08-2024,FALSE,2024-08,7,24,1,535,1
QF1926,01-10-2024 00:00,University Professor,Free,25-08-2024,FALSE,2024-08,7,29,1,391,1
QF1927,07-06-2024 18:55,University Professor,Pro,25-08-2024,TRUE,2024-08,6,6,5,462,2
QF1928,14-01-2024 21:15,High School Teacher,Basic,27-08-2024,FALSE,2024-08,6,1,2,523,2
QF1929,06-07-2024 00:00,University Professor,Basic,27-08-2024,TRUE,2024-08,6,4,3,478,1
QF1930,06-10-2024 00:00,Corporate Trainer,Free,18-08-2024,FALSE,2024-08,6,14,2,386,1
QF1931,06-01-2024 17:48,University Professor,Basic,26-08-2024,TRUE,2024-08,6,5,2,472,2
QF1932,31-01-2024 11:22,K-12 Tutor,Basic,26-08-2024,TRUE,2024-08,6,5,3,633,2
QF1933,15-01-2024 08:23,HR Professional,Basic,30-08-2024,TRUE,2024-08,6,1,9,575,0
QF1934,06-01-2024 00:00,Language Instructor,Basic,29-08-2024,TRUE,2024-08,6,2,1,660,1
QF1935,06-03-2024 14:22,Language Instructor,Free,22-08-2024,FALSE,2024-08,6,7,5,510,2
QF1936,12-06-2024 00:00,University Professor,Enterprise,29-08-2024,TRUE,2024-08,6,2,13,502,0
QF1937,23-03-2024 02:36,University Professor,Free,08-08-2024,FALSE,2024-08,6,30,0,421,2
QF1938,01-11-2024 00:00,Corporate Trainer,Pro,27-08-2024,TRUE,2024-08,6,4,3,360,1
QF1939,25-05-2024 07:56,High School Teacher,Free,08-08-2024,FALSE,2024-08,5,27,2,608,2
QF1940,14-05-2024 10:08,STEM Educator,Free,27-08-2024,TRUE,2024-08,5,4,5,537,2
QF1941,04-07-2024 00:00,Content Creator,Pro,28-08-2024,TRUE,2024-08,5,3,14,480,0
QF1942,05-03-2024 12:24,Corporate Trainer,Enterprise,19-08-2024,FALSE,2024-08,5,12,8,507,2
QF1943,05-04-2024 00:00,High School Teacher,Free,29-08-2024,TRUE,2024-08,5,2,2,570,1
QF1944,18-06-2024 08:55,Language Instructor,Free,27-08-2024,TRUE,2024-08,5,4,2,506,2
QF1945,13-11-2024 15:08,High School Teacher,Basic,28-08-2024,TRUE,2024-08,5,3,1,549,2
QF1946,02-06-2024 00:00,High School Teacher,Free,12-08-2024,FALSE,2024-08,5,13,2,512,1
QF1947,24-04-2024 05:31,Language Instructor,Pro,16-08-2024,FALSE,2024-08,5,1,7,417,2
QF1948,03-09-2024 00:00,High School Teacher,Free,26-08-2024,TRUE,2024-08,5,5,1,419,1
QF1949,30-09-2024 10:31,High School Teacher,Basic,29-08-2024,TRUE,2024-08,5,2,3,557,2
QF1950,02-07-2024 00:00,University Professor,Pro,28-08-2024,TRUE,2024-08,5,3,6,482,1
QF1951,09-12-2024 00:00,Corporate Trainer,Free,17-08-2024,FALSE,2024-08,5,18,1,322,1
QF1952,07-11-2024 16:30,Language Instructor,Basic,27-08-2024,TRUE,2024-08,5,4,3,481,2
QF1953,28-11-2024 13:58,K-12 Tutor,Basic,29-08-2024,TRUE,2024-08,5,2,2,423,2
QF1954,12-11-2024 01:35,High School Teacher,Free,30-08-2024,TRUE,2024-08,5,1,0,429,2
QF1955,22-04-2024 11:47,High School Teacher,Enterprise,12-08-2024,FALSE,2024-08,5,16,15,494,0
QF1956,04-04-2024 00:00,High School Teacher,Basic,28-08-2024,FALSE,2024-08,4,26,1,571,1
QF1957,04-08-2024 00:00,High School Teacher,Free,07-08-2024,FALSE,2024-08,4,10,2,449,1
QF1958,23-03-2024 08:08,Language Instructor,Pro,29-08-2024,TRUE,2024-08,4,2,7,487,2
QF1959,06-10-2024 00:00,University Professor,Basic,28-08-2024,TRUE,2024-08,4,3,3,386,1
QF1960,02-04-2024 03:41,HR Professional,Free,29-08-2024,TRUE,2024-08,4,2,1,530,2
QF1961,09-01-2024 00:00,Corporate Trainer,Free,06-08-2024,FALSE,2024-08,4,25,2,657,1
QF1962,21-09-2024 00:24,High School Teacher,Free,21-08-2024,FALSE,2024-08,4,13,2,362,2
QF1963,09-01-2024 00:00,Corporate Trainer,Free,12-08-2024,FALSE,2024-08,4,12,1,657,1
QF1964,03-05-2024 00:00,High School Teacher,Free,30-08-2024,FALSE,2024-08,4,9,0,542,1
QF1965,04-10-2024 19:41,K-12 Tutor,Free,27-08-2024,FALSE,2024-08,4,24,1,611,2
QF1966,03-05-2024 23:13,High School Teacher,Pro,12-08-2024,FALSE,2024-08,3,6,7,473,2
QF1967,12-07-2024 00:00,Corporate Trainer,Pro,29-08-2024,TRUE,2024-08,3,2,6,472,1
QF1968,17-03-2024 03:57,High School Teacher,Free,14-08-2024,FALSE,2024-08,3,28,2,575,2
QF1969,15-05-2024 05:41,HR Professional,Free,06-08-2024,FALSE,2024-08,3,10,3,514,2
QF1970,09-06-2024 08:31,Corporate Trainer,Pro,29-08-2024,TRUE,2024-08,3,2,2,321,2
QF1971,15-02-2024 21:42,HR Professional,Pro,30-08-2024,TRUE,2024-08,3,1,5,591,2
QF1972,08-02-2024 00:00,Language Instructor,Basic,07-08-2024,FALSE,2024-08,3,24,5,627,1
QF1973,08-03-2024 00:00,Content Creator,Free,29-08-2024,TRUE,2024-08,3,2,1,598,1
QF1974,01-09-2024 12:57,High School Teacher,Free,05-08-2024,FALSE,2024-08,3,13,2,351,2
QF1975,22-05-2024 18:52,Corporate Trainer,Basic,30-08-2024,TRUE,2024-08,3,1,8,562,2
QF1976,04-05-2024 23:32,HR Professional,Pro,30-08-2024,TRUE,2024-08,3,1,7,521,2
QF1977,11-05-2024 00:00,University Professor,Free,09-08-2024,FALSE,2024-08,3,5,4,534,1
QF1978,19-02-2024 22:04,K-12 Tutor,Pro,30-08-2024,TRUE,2024-08,3,1,2,564,2
QF1979,16-07-2024 12:17,High School Teacher,Basic,30-08-2024,TRUE,2024-08,3,1,1,656,2
QF1980,26-11-2024 15:12,K-12 Tutor,Pro,30-08-2024,TRUE,2024-08,3,1,5,621,2
QF1981,06-07-2024 00:00,HR Professional,Basic,29-08-2024,TRUE,2024-08,2,2,1,478,1
QF1982,05-05-2024 00:00,High School Teacher,Free,29-08-2024,FALSE,2024-08,2,6,1,540,1
QF1983,22-10-2024 06:58,High School Teacher,Pro,29-08-2024,TRUE,2024-08,2,2,5,453,2
QF1984,03-06-2024 00:00,High School Teacher,Basic,11-08-2024,FALSE,2024-08,2,28,2,511,1
QF1985,31-05-2024 11:39,High School Teacher,Free,15-08-2024,FALSE,2024-08,2,3,3,349,2
QF1986,08-07-2024 00:45,Content Creator,Basic,30-08-2024,TRUE,2024-08,2,1,3,656,2
QF1987,31-10-2024 14:32,HR Professional,Basic,29-08-2024,TRUE,2024-08,2,2,12,521,0
QF1988,10-07-2024 00:00,Corporate Trainer,Pro,30-08-2024,TRUE,2024-08,2,1,6,474,1
QF1989,04-04-2024 10:22,HR Professional,Basic,02-08-2024,FALSE,2024-08,2,2,3,618,2
QF1990,01-06-2024 00:00,University Professor,Enterprise,12-08-2024,FALSE,2024-08,2,15,8,513,0
QF1991,14-06-2024 02:05,Content Creator,Free,18-08-2024,FALSE,2024-08,2,8,1,427,2
QF1992,04-05-2024 00:00,High School Teacher,Enterprise,30-08-2024,TRUE,2024-08,2,1,11,541,0
QF1993,27-01-2024 06:35,University Professor,Basic,30-08-2024,TRUE,2024-08,1,1,2,505,2
QF1994,07-08-2024 00:00,Corporate Trainer,Basic,30-08-2024,FALSE,2024-08,1,25,3,446,1
QF1995,01-11-2024 00:00,University Professor,Free,30-08-2024,TRUE,2024-08,1,1,1,360,1
QF1996,02-09-2024 23:19,K-12 Tutor,Basic,30-08-2024,TRUE,2024-08,1,1,10,631,0
QF1997,17-09-2024 20:23,High School Teacher,Free,28-08-2024,FALSE,2024-08,1,21,1,661,2
QF1998,01-06-2024 17:25,HR Professional,Basic,11-08-2024,FALSE,2024-08,1,19,4,517,2
QF1999,23-09-2024 04:50,High School Teacher,Basic,30-08-2024,TRUE,2024-08,1,1,1,604,2
